"Gene","Correlation"
"NAT10",1
"PRPF19",0.977780173144524
"TRIM28",0.972648753604548
"EIF3B",0.968911607333792
"SSRP1",0.968428342319332
"DNAJC7",0.96489781841708
"FARSA",0.964534129777486
"HNRNPD",0.964257426746258
"RNF40",0.963536711738778
"DDX54",0.963506249780926
"MYBL2",0.962813973974453
"RNASEH2A",0.962450888854111
"RAB35",0.962163215830518
"URM1",0.961988725968487
"TMEM203",0.961981626784346
"CTNNBL1",0.96181816311999
"GTF2F1",0.961528567606779
"AHCY",0.961121597442699
"HNRNPM",0.959702653901191
"MRTO4",0.958761466370904
"TBRG4",0.958712669030301
"MCRS1",0.958258585585375
"IMP3",0.958101990934856
"UBAC1",0.95750542267668
"GSS",0.957358031045896
"ANP32B",0.957121144263529
"LAS1L",0.955597022106249
"RUVBL1",0.95542036950835
"TSR1",0.955417106149686
"ATP6V1H",0.955351613877955
"NDUFAB1",0.953802555873039
"RBM42",0.953488034048613
"LSM7",0.953042866813993
"CARHSP1",0.952998438637583
"SNRPD1",0.952349727242612
"AP1S1",0.952250581634084
"ZNF787",0.952030182825933
"PSMB6",0.952018720366266
"SCAF1",0.952011993183246
"PQBP1",0.951859979876718
"GATAD2A",0.95183538467603
"UBE2M",0.95173988656048
"PSMD7",0.951645095386605
"DDX56",0.951606224316608
"PDAP1",0.951600822601525
"CCT3",0.951079590105109
"XRCC6",0.95106270455014
"GTPBP4",0.950848628476928
"RPS5",0.950511368276961
"ARPC5L",0.949969754201627
"CDK5",0.949843038190419
"HSP90AA1",0.949551558734632
"HM13",0.949212656034807
"HDGF",0.949200168305487
"SUPT16H",0.948797348399188
"ZMYND19",0.948695502590005
"AAGAB",0.948633078582954
"APTX",0.948399595726145
"SF3A3",0.948136275774023
"PSMD4",0.947516710903095
"COMMD4",0.947398463968255
"CDIPT",0.94731243757462
"ACOT9",0.947261233362814
"THOP1",0.94645439813189
"TOMM22",0.946368353315571
"SLC25A3",0.946201053416892
"BRMS1",0.945493586583496
"SLC52A2",0.945453065601065
"PSMC5",0.945125098289685
"POLDIP2",0.94490118886871
"MRPS27",0.944700042024531
"PRMT1",0.944433085937839
"NUDT22",0.943965642777966
"SLC25A22",0.943688642041358
"NABP2",0.943631552127091
"PSMC1",0.943408283396479
"ZNF622",0.94273298848263
"PPM1G",0.942705812403255
"MRPL20",0.942681312870966
"DUS3L",0.942346771304135
"SARNP",0.941698185959777
"CHMP1A",0.941594873729536
"TNIP2",0.941546795843662
"YKT6",0.941297166347056
"TMED9",0.941168747847211
"CLPTM1L",0.941100072932869
"EEF1G",0.941076429827426
"NOC2L",0.940976951461402
"PTGES2",0.940919232387174
"MRPS34",0.940835519144444
"NHP2",0.940684723317421
"APEX2",0.940598910189884
"GTF3C5",0.940588804543181
"RPL7",0.940458393153887
"COPS6",0.94041554499479
"MRPL41",0.94037761320402
"CCT7",0.94031148678861
"PSMA7",0.940137852226569
"NANS",0.939952860114849
"SQSTM1",0.93990423751539
"SSU72",0.939864473162186
"DAZAP1",0.939705907700341
"FBL",0.939671499173296
"PSMB1",0.939656133021868
"CELF1",0.939522969685176
"TSR2",0.939390555167399
"YWHAB",0.93938749617277
"RNF20",0.939178045622215
"SLC35C2",0.939170655420684
"KIF22",0.939117537343175
"PSMC3",0.939059334127623
"DDX27",0.938799828958519
"INO80E",0.938719197364351
"CPTP",0.93848094007394
"PMPCA",0.93822818040509
"PARL",0.937796853549101
"AKT1S1",0.937651813644302
"UXT",0.937630833533035
"MRPL27",0.937571153231899
"NCLN",0.937531971596329
"ARMC6",0.937518931528006
"SAFB",0.937499905843798
"SPNS1",0.937257999181989
"MYDGF",0.937189624834215
"NAA10",0.937114171844753
"EXOSC2",0.936980135093791
"RBM8A",0.936647914208111
"CIAPIN1",0.936624637679623
"ZNF410",0.936550359676052
"LETM1",0.936446319991572
"APRT",0.936312208654776
"EDC3",0.93582705915924
"TARBP2",0.935825016062149
"AGTRAP",0.935784806742426
"EI24",0.935732963741681
"DIABLO",0.935732474735679
"NCL",0.93559599016351
"NUDC",0.935592065568447
"WRAP53",0.935513955718204
"NRBP1",0.935340457961059
"MPDU1",0.93523588513629
"AIP",0.935221540180654
"TSFM",0.935064434490551
"EMG1",0.935012834090094
"C9orf78",0.934754723485991
"ERGIC3",0.934478910320978
"SERTAD1",0.934455875787425
"SART3",0.934301757271469
"SLC39A3",0.934276520572634
"IDH3B",0.934220452629483
"STX4",0.934074029188595
"RPS9",0.933927360804956
"MRPS18B",0.933677488920512
"UNC45A",0.933433181847332
"SSNA1",0.933391370994504
"EIF2B2",0.933349474758682
"RPS15",0.933248714845677
"CHMP4B",0.932874956515624
"RPA3",0.932837601836017
"EEF2",0.932738543777791
"ELOF1",0.932725368337617
"FEN1",0.932540603156459
"FADD",0.932534491209149
"CD2BP2",0.932461129330301
"PLEKHJ1",0.932280934980933
"UBL7",0.932177654430048
"HRAS",0.932172438825937
"PSMD1",0.932163504593909
"RPL8",0.931947596399468
"PSMB5",0.931893574437793
"ADI1",0.93183597731479
"UROD",0.931820508173209
"CSK",0.931426858429742
"ERCC1",0.931407831390521
"AATF",0.931380023341769
"VCP",0.93132640751967
"CUTA",0.931151761468409
"TMED3",0.930998430931519
"PRDX4",0.930983152943615
"ATP13A1",0.930704103767051
"CDC34",0.930701998595998
"GADD45GIP1",0.930644992617493
"POP5",0.930405510269853
"CCDC12",0.930395238691087
"LMNA",0.930198327465136
"STX5",0.93012728917767
"PTRH2",0.930111703156001
"COASY",0.930110445777856
"DRAP1",0.929990291360223
"ADRM1",0.929893268414865
"MCM7",0.929842178757567
"HSD17B10",0.929792825978527
"BCAP31",0.929342380212447
"BABAM1",0.929247881133271
"EIF3G",0.92907216016691
"PSMD13",0.929003798326731
"PPP1CA",0.928953758711442
"NSMCE1",0.928853742040763
"SNAPC2",0.928812903325983
"PRPF31",0.928804278157795
"TCHP",0.928732907927722
"TIMM50",0.928685422091586
"NDUFS6",0.928538139615589
"EDF1",0.928524552857993
"UBL4A",0.928147126455796
"TMEM147",0.928131507170319
"SCRIB",0.928100469297145
"TAF15",0.928100360894696
"CHTOP",0.928044797136271
"IL10RB",0.928028029810723
"CCAR2",0.927730909373143
"MRPS12",0.927699983755411
"WDR74",0.927646699192419
"MEPCE",0.927472200420693
"NELFB",0.927180540867256
"RPL13",0.927022612649954
"PSMB3",0.926700917455402
"PAGR1",0.926637496608195
"COL6A1",0.926536260157097
"PPP6R1",0.926507957760501
"TRIP6",0.926326599575556
"FXYD5",0.926307842460572
"RPS19BP1",0.926198137686848
"DCTPP1",0.92604263307746
"COX4I1",0.925937110625728
"NDUFA11",0.925894316629029
"FTSJ3",0.925811052045773
"DKC1",0.925696957958992
"TUFM",0.925620956101052
"TOMM34",0.925580636046815
"SCAMP3",0.925568365096085
"ELP5",0.925267355685608
"UBE2L6",0.924944238996162
"EIF3K",0.924891221032555
"RAE1",0.924849431202454
"IMP4",0.924848390795036
"COPE",0.924676201926075
"ANP32A",0.924550574203751
"PLIN3",0.924543529520484
"ACD",0.924468863801236
"CINP",0.924427480533497
"CACTIN",0.924319280573906
"DDX39A",0.924216738021768
"ARL6IP4",0.924195159812956
"LAMTOR5",0.923947561857074
"GSTO1",0.923942829540639
"MYBBP1A",0.923781851558509
"COX5B",0.923689665605084
"AGAP3",0.923657142928484
"SGTA",0.923545671116202
"POLR3K",0.923485516742033
"TRIM44",0.923342026644608
"TRIAP1",0.922944781811907
"PES1",0.922902370302401
"TMED1",0.922718250990225
"PSMD11",0.922651338495813
"MRPL24",0.922642339421481
"ERF",0.922629961506227
"DHX38",0.922596751518812
"ORAI1",0.922508098595605
"MRPL12",0.922442580589437
"COX14",0.922413176311985
"MRPL4",0.922379273256666
"MRGBP",0.92236206900465
"UBXN1",0.922253012056971
"RNH1",0.922216874769513
"HNRNPU",0.922074087306878
"GLRX5",0.922058612500294
"PDRG1",0.921820297672011
"RAB34",0.921796458773267
"ETFB",0.921788287518847
"SPR",0.921637805499406
"ATP6V0B",0.921585786648912
"STOML2",0.921449344647534
"PRKAG1",0.921225533768037
"DPM2",0.921112140674261
"XAB2",0.920928294778291
"MYL9",0.920516672657597
"LRWD1",0.920483148509571
"PDXK",0.920335074442856
"IER2",0.920256186525059
"SURF2",0.920150100031662
"POFUT1",0.920127365288698
"DFFA",0.920058726334233
"SOD1",0.919951590794726
"LONP1",0.919870005164319
"REXO4",0.919673089563766
"MRPL54",0.919651822407968
"NDUFS2",0.919635015045029
"MAZ",0.919602652603489
"CLTA",0.919407057711081
"ECSIT",0.919369343557626
"CNBP",0.919359164248951
"NUDT1",0.919304687898468
"CFL1",0.919236525602644
"IFI27L2",0.919021313403527
"SF3B2",0.919017635085245
"PUF60",0.919008125668357
"S100A13",0.918933223337976
"AURKAIP1",0.918930707258344
"MTA2",0.918802466913317
"ZNHIT1",0.918644883596287
"VRK3",0.918588857220224
"TIMM10",0.918209131792512
"EIF6",0.917937033139003
"PSMG3",0.917935104685154
"FPGS",0.917811129394025
"TMEM208",0.917757537725347
"BATF3",0.917613731473968
"NDUFB11",0.917568911952968
"MAP2K5",0.917543458056033
"MAF1",0.917532069307847
"SURF1",0.917476774688314
"TIMM17B",0.917273706262868
"ARF5",0.917066612868273
"CUEDC2",0.917043522659794
"ERP29",0.916805807800669
"FBRS",0.916770971800847
"MRPL11",0.916721377992572
"PLOD3",0.916663039072504
"CIB1",0.916336958172328
"ELP6",0.916282228254363
"MTHFD1L",0.916238760559999
"CLTB",0.91623320096019
"RBM10",0.915762316052603
"KIF3B",0.915230697120978
"MRPL38",0.915164851813235
"LSM4",0.915122216551914
"SAMD1",0.914896709564488
"INF2",0.914847838301994
"KEAP1",0.914653404190558
"RHOC",0.914243617486363
"DGKZ",0.914146116850299
"CCDC85B",0.913975256457292
"SNRNP70",0.913927395532233
"ACOT8",0.913760657206332
"KIFC3",0.913700630621375
"COLGALT1",0.913657084114584
"LCMT1",0.913591925790364
"DDX49",0.913503842171011
"GIPC1",0.913497396858748
"LAMTOR2",0.913434792081153
"RPL9",0.91342558851226
"GPATCH4",0.913392996123579
"POP7",0.913283058981828
"SHKBP1",0.913047205058644
"CCDC137",0.912887903788926
"POLR2G",0.912877807158965
"SLC35E1",0.912499463248024
"NDUFS7",0.912280469004276
"ATAD3A",0.912196025575247
"PHLDA3",0.912061701954027
"NME2",0.912010927215955
"MRFAP1",0.911940521225789
"ANAPC15",0.911844309688858
"GSTZ1",0.911814924773238
"EPN1",0.911735766387431
"EIF5A",0.911690327007415
"TP53I13",0.911617336025996
"NFIC",0.911460615862895
"SNRNP35",0.911391610157962
"DHPS",0.911277097085973
"UFC1",0.911223257185035
"SF3A2",0.911202455755853
"POLR1E",0.911138434860755
"SRRT",0.911035773143112
"TMEM141",0.911003160161527
"BRD9",0.910874251788701
"C12orf57",0.910789464781248
"TACO1",0.910776636621256
"PRCC",0.910755620384592
"PPP2R1A",0.910593133574605
"SNRPA",0.910572546025144
"HSPBP1",0.910410925093136
"SHMT2",0.910351618632402
"TCOF1",0.910255719917974
"ILVBL",0.910248650735311
"LYPLA2",0.910197601283379
"C1QTNF1",0.910092375178445
"PNPLA2",0.910053216598945
"PIN1",0.91000071794
"HINT2",0.909979859920926
"TEX264",0.909902480249161
"POLR2I",0.909834462836642
"ROMO1",0.909813337956209
"TBC1D10B",0.909751886088656
"NDUFB1",0.90954512377398
"EIF2B3",0.909453161666948
"CDCA5",0.90945050000593
"U2AF1",0.909445217007054
"TPM3",0.909084751625844
"RNASEH2C",0.909018552479713
"GPR137",0.908850604687774
"SMARCA4",0.908776376339746
"NDUFA2",0.908767160959651
"MVP",0.908595242843034
"PAF1",0.908501318201965
"PSME2",0.908388317121373
"PRR13",0.908267666100482
"VPS37C",0.908196702168901
"STIP1",0.908003506807167
"PRDX5",0.907950574093702
"PKN1",0.907851578353692
"ITPA",0.90784200600345
"PRPF6",0.907838191415235
"RNF25",0.907836955677303
"CHAF1A",0.907828998128638
"EEF1D",0.907504573710124
"MFSD10",0.907448263086488
"DPM3",0.907333555842045
"CHCHD5",0.907318518454361
"COQ4",0.907235317430717
"TRMT1",0.907130708664442
"TOP1MT",0.907043706776529
"RANGAP1",0.907006889598109
"MRPL52",0.906814581999763
"EXOSC7",0.906802755806749
"RPL18A",0.906729339564097
"IRF2BP1",0.906638554397062
"SUPT5H",0.906464760461634
"RABL6",0.906450836031854
"BAX",0.906450034702952
"SCAMP2",0.906385893517197
"LYAR",0.906334732784658
"RNF167",0.905990006727251
"SCRN2",0.905924026673013
"SMG5",0.905683362390111
"CHCHD2",0.905662435669054
"AKIP1",0.905626613739972
"PABPC4",0.905623888491464
"PRKCSH",0.905541732910046
"TRAPPC2L",0.905526518014144
"SNRPE",0.905521599262206
"OSER1",0.905462213053752
"NDUFA1",0.905226783389105
"CLN6",0.905148470726897
"SRC",0.905133068907562
"BCL7C",0.905071499870194
"TOR1A",0.904846327948945
"ATOX1",0.904778503992504
"PBDC1",0.904763013423258
"AAAS",0.904535657834505
"ENDOG",0.904295464636041
"NOP14",0.904249485317651
"ANXA11",0.904167967840112
"TMEM109",0.904151799059056
"MYL6",0.904078224416098
"KLC2",0.904017734327555
"MAP3K11",0.903981843224625
"DBNL",0.903893037682893
"TIMM13",0.903858480967867
"TMEM205",0.903819746452833
"PML",0.90368854034923
"KRI1",0.903686758371105
"TRAPPC5",0.90366102419846
"FKBP2",0.903425472298915
"CCDC124",0.903178120703325
"OTUB1",0.902917309846886
"BIN3",0.902837334710709
"EIF2S2",0.902697395593813
"NDUFS8",0.902645560765164
"COA3",0.90259997576287
"SDF2L1",0.902402663616911
"UQCRQ",0.9022800199024
"SSR4",0.902149208900445
"TBC1D13",0.90204736860859
"ARMCX6",0.902037405298039
"PPIC",0.901920889812465
"RPS6KB2",0.901842401890192
"RNF121",0.901794815251594
"KPNA6",0.901573933312576
"RUVBL2",0.90154853873028
"EIF1AD",0.901500469156107
"SART1",0.901468078788871
"RPL35",0.901289525075668
"NPM3",0.901258328880985
"PPIB",0.901213917195261
"IGFBP6",0.901183454209153
"ATG101",0.901149073764315
"SH2B1",0.901123074093661
"VPS4A",0.901107932575069
"SRSF3",0.90087869343971
"DUSP23",0.900874882768481
"CYB5R1",0.900660849529141
"SNF8",0.900597822935501
"EIF3A",0.900466629793273
"GDF15",0.900405916762262
"DOHH",0.900391901667958
"TMEM222",0.90029788122026
"RPS14",0.900274778445793
"USE1",0.899594927114868
"SAC3D1",0.899590373062017
"TPD52L2",0.89958983513995
"MRPL53",0.899510434803276
"NDUFB7",0.89950128782016
"C8orf33",0.899498638519116
"BOP1",0.899404556586907
"PSMD3",0.899386806159833
"DOK1",0.899008607638829
"RBMX2",0.898890041043022
"NMT1",0.898831271908361
"RRP12",0.898791724550028
"POP4",0.898665718399494
"DDX23",0.898617552199646
"MYL6B",0.898388409122704
"FAU",0.898369152645677
"RRP9",0.898142670139367
"RABEP2",0.89803517330219
"CD82",0.897994851405227
"HTATSF1",0.897908906421272
"PRMT7",0.897872914990138
"AP2S1",0.897845565340142
"AP4B1",0.897603469868688
"MTX1",0.897473986257976
"VAMP5",0.897458719349105
"MBD3",0.897394207372676
"ERI3",0.897354964428006
"LAGE3",0.89729103717452
"B4GALT2",0.897266850855093
"RAB13",0.897266440671214
"CETN2",0.897215631627893
"WDR18",0.896937078135503
"NOC4L",0.896785319271305
"PGLS",0.896779691976056
"TRAPPC3",0.896668354634017
"SLC39A4",0.896302072007348
"RPL11",0.896287276249669
"PPP4C",0.896207063242392
"SPC24",0.896075078405939
"SIRT6",0.896037308013484
"RPS26",0.896005822560503
"BLMH",0.895979347007464
"CYB561",0.895959284940903
"PELP1",0.895826820527435
"SNRPD2",0.895717539480068
"GSK3A",0.895690635095211
"TUSC2",0.895631935478865
"TMUB1",0.895600798776594
"C7orf50",0.895244473638182
"PPIF",0.895116668602234
"STX8",0.894963003274933
"ANAPC2",0.894806600183996
"RFXANK",0.894772863140409
"WDR45",0.894746347291752
"OAZ1",0.894707567472455
"SH3BP5L",0.89469479301028
"CHTF8",0.89457691697515
"FAM50A",0.894255303977763
"TADA3",0.894150805160849
"WDR54",0.893913860783247
"PSMD9",0.893884254531114
"TPRA1",0.893751408505095
"RRP36",0.893747950419362
"OPTN",0.893605033075886
"UBE2J2",0.893571872977269
"TMEM219",0.893529518593175
"PSMB10",0.893144402502331
"GINS2",0.892905848530572
"ACOT7",0.892846591936992
"LMAN2",0.892292384366981
"JAGN1",0.892190955426236
"DDX55",0.892084488044611
"RRS1",0.89158202181649
"EFEMP2",0.891333384334268
"GPN2",0.891192068626941
"INCENP",0.891186140755708
"SLC35C1",0.891117925486421
"TMEM115",0.890982627383928
"JMJD6",0.890951523498989
"VPS51",0.890844934314769
"PTGES",0.890814479539562
"NR2C2AP",0.89062413761447
"SURF6",0.890527316844734
"SDC4",0.89052603747888
"AAMP",0.890418298405203
"ZMAT2",0.890201383938427
"MAP1S",0.890188155716178
"UQCR11",0.890143187081378
"CCT8",0.890113934617356
"PUSL1",0.890104501661445
"SPATA33",0.890093041108326
"RAC1",0.889785067056712
"CD320",0.889772381968245
"DAPK3",0.889765095241239
"HNRNPA1",0.889738310642136
"LAMTOR4",0.889705807366129
"CD151",0.889690607414344
"FDPS",0.889687278280426
"SLC1A5",0.889308105149744
"ZNF593",0.889103778917177
"PIGU",0.889073030910339
"EFHD2",0.888975731922196
"TNIP1",0.888957802559595
"HMBS",0.888916244587353
"EMC3",0.888770581916649
"ADCK2",0.888470748466287
"CLPP",0.888296115544855
"CDT1",0.888276372644714
"REEP4",0.888226465517044
"CAPNS1",0.888156411414906
"JOSD2",0.888118308798009
"GALNT2",0.888117791090561
"METTL1",0.887972522015155
"MIS18A",0.887953608190072
"TBCA",0.887951131894264
"SRA1",0.887926392125208
"NDUFV1",0.887866739594422
"ACTR1A",0.88782472690633
"APH1A",0.887777994961349
"PSEN2",0.887776293701214
"RIC8A",0.887748245509511
"RPUSD1",0.887621466768436
"SLC39A7",0.887540975903063
"SCAND1",0.887436245575998
"EFTUD2",0.887363255753798
"PWP1",0.887056081748712
"MRPL55",0.887019872000227
"PSENEN",0.886925132981397
"EBP",0.886914716123009
"SWI5",0.886806389142161
"DCTN3",0.886698303784476
"OGFR",0.886506734556353
"SNX17",0.886496031051876
"MRPL21",0.886340215610878
"PRPF4",0.886213226682337
"B3GAT3",0.886205101079168
"GCN1",0.886084514211354
"ERAL1",0.886014022157828
"COX6C",0.885847056803798
"SMUG1",0.885819605091635
"MRPL14",0.8857108073974
"DNAJC11",0.885535667957748
"SSR2",0.885401629795485
"MED16",0.884992468603483
"ZDHHC24",0.884958129864828
"TBCB",0.884927673718395
"ABHD8",0.884909782075579
"PFDN5",0.884693035546828
"TPGS1",0.884655294985187
"GNB2",0.884634609572074
"GPS1",0.884317916220537
"ALKBH6",0.884305132544163
"BSG",0.884123248938852
"BAD",0.88409126807309
"LRFN4",0.883935007474473
"ZNF414",0.883847027892096
"USP7",0.883790910718155
"NASP",0.883621369122393
"MLXIP",0.883582790442574
"RPS19",0.883290488534148
"ZNHIT2",0.883092014802258
"NT5C",0.883088751106461
"FAH",0.882675139556989
"TSSC4",0.8826204029201
"AFG3L2",0.882498867430181
"TIMM22",0.882422693938598
"MRPL28",0.882416931390037
"IMPDH1",0.882134274105319
"DNAJC17",0.882031690459594
"EIF2S3",0.882029219374024
"NDUFAF1",0.881930006218832
"FBXL19",0.881810828228091
"DIAPH1",0.8818096791792
"PHPT1",0.881749022884958
"PSMA5",0.881739098078582
"IRF3",0.881583119643266
"ZPR1",0.881580177996118
"CSF3",0.881497684171302
"MIEN1",0.881286163646019
"MED18",0.881202332468572
"RPP25L",0.881168972795474
"EMP3",0.881134274848615
"ECHS1",0.881075300916336
"CHMP6",0.881058120943701
"SLC25A10",0.881048085070012
"AHSA1",0.880890657737622
"RPL3",0.880571271013106
"CAPN1",0.880535949653192
"SBNO2",0.880457965674946
"MIDN",0.880351731523937
"SNRPB",0.880332169348572
"DSN1",0.880245744733248
"GMPR2",0.880041084865081
"MCM5",0.879849709699951
"ISOC2",0.879827541450891
"NUDT2",0.87973349388045
"SIRT7",0.879643720194268
"AIFM1",0.879582035713489
"PSME1",0.879399858294315
"SERPINB6",0.879366190198177
"DRG1",0.87935386109057
"GPAA1",0.879310524479484
"PSMB9",0.879203038150625
"PPP1R10",0.879001693293728
"POLRMT",0.878958489599225
"ALYREF",0.878915360628152
"UQCRH",0.878895183833734
"FBXW5",0.878812154307195
"TMEM160",0.878663691522207
"SSBP4",0.878568350768729
"TTC1",0.878489340791016
"PEF1",0.878289490536114
"CPSF3",0.87822447797903
"MRPL51",0.87805026343418
"KNOP1",0.878035660519435
"GPX1",0.877980759200469
"PNPLA6",0.877979776520394
"HSF1",0.877977171959064
"GAR1",0.87796709742917
"FLYWCH2",0.87793307989301
"GRWD1",0.877929937448874
"CDC26",0.877552067450578
"NUBP2",0.877186634222438
"WDR46",0.876984121809034
"EIF4E2",0.876906181276226
"EIF5B",0.87688258771114
"WIPI2",0.876851608003499
"ANP32E",0.876598147821586
"SUV39H1",0.876419787085137
"S100A3",0.876343770042948
"TMEM132A",0.876282915956637
"SRPRB",0.876076356925738
"PEBP1",0.876033599482844
"CBR3",0.875996967083853
"PARP1",0.875952586587715
"DRG2",0.875908946666689
"CIZ1",0.875822533759472
"REEP2",0.875798131804019
"MRPS23",0.875688164541599
"NDUFB2",0.875550389641049
"FAHD1",0.875382916956119
"SDSL",0.875132430716866
"PLEKHO1",0.875109068450318
"RPS27A",0.874802851960461
"TOR4A",0.874357479965605
"VPS18",0.874196170962246
"PIH1D1",0.874113555270658
"VEGFB",0.874070220217947
"SLC4A2",0.874030107361838
"CES2",0.873424890762311
"NEIL2",0.873324106304152
"BANF1",0.873290362750733
"RELA",0.873266632714943
"PMVK",0.873180075760591
"NKAP",0.873150350440733
"KIAA2013",0.873038270392177
"SYF2",0.872992027539381
"ORAI2",0.87297078564962
"ENSA",0.872865199962755
"SAFB2",0.87282775505749
"TOMM40",0.872723138508936
"TRIM8",0.872614419143158
"TAF10",0.872475943103243
"DHRS3",0.872274028376671
"WWP2",0.872127867247474
"RFC3",0.872063986607807
"GET4",0.871899139510719
"MAD1L1",0.871838764833659
"DNM1",0.871552947607342
"MYADM",0.871527831789255
"POLR3D",0.871430514002187
"UBE2S",0.871399292235437
"NECAP2",0.87137214287531
"SLC25A1",0.871369453924241
"TSPO",0.871356629504775
"TSR3",0.871306707039056
"MRPS7",0.871254374482014
"OGFOD1",0.871108039516777
"JTB",0.871029735657828
"B4GALT7",0.870948248613403
"CHMP2A",0.870772506748225
"PHF23",0.870769537365034
"POMGNT1",0.870740134861006
"CAPN12",0.870586820493139
"RRBP1",0.869873576163275
"ELAC2",0.869780301279025
"ATP6V0D1",0.869755053629514
"HIRIP3",0.869736248607734
"ZNF444",0.869364974158519
"RNF187",0.869254374424401
"EIF3I",0.869175659295922
"UQCC3",0.869132136553898
"CARM1",0.869117480206322
"VPS28",0.868948859095733
"EXOSC4",0.868866256289892
"MRPS2",0.868484499998002
"DDX24",0.868366562232239
"SERBP1",0.868283765800201
"BNIP1",0.868264256497377
"PDCD7",0.868217936280967
"FKBP8",0.868206363433294
"SPOP",0.86799035674632
"GALK1",0.867769782972078
"ENKD1",0.867406760439816
"MAN1B1",0.867309760367733
"B3GALT6",0.867303996179786
"RRP8",0.867035824047862
"PKIG",0.866996627081771
"WDR83OS",0.866881264997524
"SDHAF2",0.866837255048957
"UPF3A",0.866803598547735
"POLR3GL",0.86661489158443
"IL17RC",0.866564214780076
"ZNF672",0.866542290916325
"VAV2",0.866455036036461
"TMEM101",0.866403927570187
"NR2F6",0.866219834990971
"NDUFA13",0.866168285279124
"RPL10A",0.866157661666358
"SNRPC",0.866035177818586
"COMMD7",0.865892887886642
"DNAJB12",0.865864295151009
"MTFP1",0.865742921415605
"NAPA",0.865690300453215
"TXNRD2",0.865612039875804
"ZBTB45",0.865364619622351
"COPZ2",0.864935205548867
"RNF145",0.864788384830669
"NARF",0.864626911529014
"HSBP1",0.86457175176908
"C1orf122",0.864536952668017
"SPRYD3",0.864332676738316
"R3HDM4",0.864216223342468
"GANAB",0.864142707292343
"RABAC1",0.863969393457904
"MVB12A",0.863963764328635
"MRPS16",0.863469519278226
"DDX41",0.863386173513192
"MAD2L2",0.863114103038039
"GTF2H3",0.863109554316334
"THAP7",0.863086949613476
"ANKRD35",0.863029806194619
"ZMAT5",0.86288814957311
"MRPS5",0.862275171777546
"CCDC9",0.862224697840809
"POLD2",0.862150668724197
"NAT14",0.861982416827453
"MTG1",0.861928883693442
"DPH2",0.861925528530528
"GPR107",0.861811466218105
"ABCF1",0.861753893830382
"ECI1",0.861733528901562
"PXMP2",0.86163041217435
"CHERP",0.861609616207769
"GPATCH3",0.861547833521474
"P3H4",0.861468023955078
"PSMB2",0.861425421900217
"U2AF2",0.861398739754987
"PHF13",0.861368900595679
"PTRH1",0.861302291638938
"PITHD1",0.861233912989288
"SET",0.861122001773805
"AVEN",0.860993691404365
"RANGRF",0.860956233510571
"SUGP1",0.860858302103521
"NDUFB8",0.860767891801197
"FKBP4",0.860651130913893
"WDR13",0.860470257027134
"NDUFS5",0.860459772215523
"PARVB",0.860449428239862
"UQCRC1",0.860438945827048
"NAA38",0.860302933899883
"RPLP2",0.859974509679433
"NPLOC4",0.859495833060243
"SORBS3",0.859454636802811
"BASP1",0.859256220539223
"WDR83",0.858920427487784
"GNAI3",0.858882062855574
"CYBA",0.858735769542555
"INTS1",0.858566873599091
"CHD1L",0.858474596186821
"KRTCAP2",0.858278723232988
"KLHDC4",0.857849709090734
"MACROD1",0.857839345227444
"AIFM2",0.857836826939697
"PC",0.857623634738831
"GSDMD",0.857564563918549
"G6PC3",0.857563849533653
"LTBP3",0.857548926518116
"SLU7",0.857386109413254
"SCO1",0.857369112668632
"ZC3H13",0.857263936338062
"SUPT6H",0.857185521296556
"RPS28",0.857168335715515
"ALKBH7",0.857140317913826
"CNPPD1",0.857032374352902
"YIF1A",0.857003745555759
"RHBDD2",0.856980797756901
"WASF2",0.856923186290986
"MBD2",0.856859174146564
"PSMB4",0.856713115039102
"TFPT",0.856712615765637
"TRAPPC1",0.856686671226437
"CRAT",0.856590955891219
"PHRF1",0.856567089009031
"CPSF4",0.856273237410709
"FAAP20",0.856214176319238
"TXN2",0.856184109536604
"TFIP11",0.855617762116968
"CSNK1G2",0.855109299625763
"NUP93",0.855027830749932
"TMSB10",0.854992930212959
"BRD4",0.854961908036819
"CUL4A",0.854927156868399
"FAM32A",0.854825709837926
"LENG1",0.854544797046383
"MANBAL",0.854508385290874
"PEX10",0.854453345692839
"DCTN5",0.854323288759141
"EIF4EBP1",0.854166872408457
"BAG5",0.853879525632442
"PGAM5",0.853729654812355
"PPIH",0.853682110989052
"IMPA2",0.853594272619784
"MRPL2",0.853352475444341
"TM9SF1",0.853340421359816
"C1orf159",0.853293286120565
"AAR2",0.85323093057694
"USP5",0.852877786661573
"DDB2",0.852420119451413
"TUBB4B",0.852410704362991
"WDR77",0.852401471176193
"ADSL",0.852371555665746
"TMEM9",0.852209191654455
"SCO2",0.852166796233429
"MED8",0.852067641721144
"PRPS1",0.851925814664857
"MUL1",0.851776357259583
"ATP6V0C",0.851735876991756
"BUD31",0.851627006569244
"RNF181",0.851559219718803
"EIF2B4",0.851490324549439
"ASPSCR1",0.851377637371344
"MFAP1",0.851367765947104
"SMG9",0.85126148382376
"TRMT61A",0.851230736203652
"XRCC1",0.85122711403482
"CSNK2B",0.851165155097235
"EBNA1BP2",0.850510950855829
"NCDN",0.850498817790042
"SLC27A4",0.85042897271412
"TRIM41",0.850328507584649
"RIN1",0.850222475353028
"KRT80",0.850086749957457
"RUSC1",0.849993398071234
"ORMDL2",0.849802297539173
"POLR2L",0.849793239973806
"PSMA4",0.849757566743273
"LLPH",0.84967057663145
"E2F1",0.849650530400836
"RRAD",0.849633006020315
"CDC20",0.849565028393606
"STK11",0.849507132996473
"RPS3A",0.849478547326614
"CD276",0.849212916958864
"MON1A",0.849195074755003
"R3HCC1",0.849163064769556
"FBXO17",0.848999207082467
"MAP2K2",0.84892362370529
"USB1",0.848655509251547
"VPS33B",0.848511277887333
"NOSIP",0.848467414220879
"MED22",0.848384720755294
"ZNF282",0.848095458446544
"PGD",0.848020212352281
"CLUH",0.847999074759674
"IFI35",0.847764455041194
"GDE1",0.847578013061014
"CHCHD1",0.84720498584901
"RPL4",0.847185840369565
"ZC3H18",0.846983288857034
"ZNF581",0.846886843516
"RBM25",0.846851905994975
"PACSIN3",0.846851269108008
"FAM3A",0.846811708372192
"SNRNP25",0.8466894684682
"BTF3",0.846665509058642
"EVA1B",0.846657291457231
"GRPEL1",0.846624225752998
"RAB29",0.846549338856811
"POLD1",0.846532617112146
"TRUB2",0.846291178871766
"LAMB3",0.846254046522384
"TECR",0.846148413752709
"HDDC3",0.846097533357053
"PRSS3",0.845878972910542
"RBX1",0.845858161798264
"YTHDF2",0.845810319518274
"COG4",0.845446083573513
"ARFGAP1",0.845409623674172
"PPP1R37",0.845174511958664
"PEMT",0.845092817138743
"VPS72",0.844841166828483
"PNKP",0.844746561968508
"GRIPAP1",0.844445318457387
"C1orf35",0.844444911984811
"CDK4",0.844425941040814
"PRDX1",0.844377423813838
"SIVA1",0.84424935189925
"PSMD6",0.844170840478173
"FRG1",0.844055319774548
"SLC50A1",0.843957497305509
"TMEM54",0.843947072079749
"RING1",0.843914715607132
"ZNF524",0.843857706252876
"PSMB7",0.843782169178554
"BLVRA",0.843736786754381
"DMAP1",0.843626459872212
"NDUFS3",0.843512092756091
"SNRPD3",0.843370298675324
"CKS1B",0.843169750553727
"MOB3A",0.84315527364269
"POLE4",0.843117280239547
"NTMT1",0.843050541280044
"S100A16",0.843027649327807
"GPANK1",0.84298387160211
"FUS",0.842707134022914
"NSDHL",0.842466355322997
"CNOT3",0.841936896053888
"MFSD12",0.841763766898371
"UTP6",0.841560299955161
"CCM2",0.841345736011603
"POR",0.841232249610839
"ABCF3",0.840800471763144
"PIGT",0.840670098287692
"TSC22D4",0.840359222617863
"STUB1",0.840286259013597
"S100A4",0.84014747073891
"PSMB8",0.84003783346989
"COMMD1",0.839635496147115
"MRPL37",0.839228570263086
"PKM",0.839217941302436
"ARPC1B",0.839061810970897
"NFKB2",0.839035995184412
"EMC9",0.838690698866082
"DHX37",0.838369095554099
"DEXI",0.838360631665661
"CCT4",0.838299251180665
"RBM34",0.838211683952848
"CCDC28B",0.837927282065278
"NUDCD3",0.837765619278292
"CCDC22",0.837172954617332
"FUCA2",0.837147097429772
"TANGO2",0.837081378611457
"PRKD2",0.837041149600761
"NENF",0.836995948029745
"CAMK2G",0.836948641561599
"TRIM11",0.836809365906354
"UTP18",0.836801053282486
"SPAG7",0.836415970047011
"AAMDC",0.836385792726062
"GGH",0.835415900477042
"HMGN5",0.835234192181211
"ACADS",0.83507129953422
"MED24",0.834971651559039
"MRPL15",0.834348720874662
"TBL3",0.834296015141054
"UBAC2",0.834124876535537
"EML3",0.834065596207841
"GLE1",0.834060736972796
"KLF6",0.833908187508804
"CISD1",0.833798897119223
"CRACR2B",0.833652454719493
"CTU1",0.833463461346931
"CCDC34",0.833053715938148
"NOP58",0.832769671809517
"PUS1",0.832547403640028
"COX6B1",0.832545486852364
"SYMPK",0.83242745118684
"RTF1",0.832048836963293
"C15orf40",0.832014514755458
"CRK",0.831740101424899
"CHCHD7",0.831590487411051
"NTHL1",0.831546012357805
"GSR",0.831305962098939
"QSOX1",0.831031966906024
"S100A2",0.830897432384559
"METRNL",0.8307480363751
"MRPL9",0.830560583712354
"RPL18",0.830421407305988
"TAF6L",0.830373667923402
"LIN37",0.830328526960191
"IFI27L1",0.830263420642821
"PEX11B",0.830234984333403
"MAP2K7",0.830229945974461
"ARHGDIA",0.829920661519975
"FOXP1",0.829777570945099
"ISG20L2",0.829530516704492
"GHITM",0.829484040411811
"VOPP1",0.829399932513803
"GNA11",0.828981503997842
"EMC8",0.828695753097263
"CLN3",0.82857287066988
"CDK5RAP1",0.828133288308469
"RSL1D1",0.827735953259385
"TAF13",0.827715013361402
"BLVRB",0.827625544972269
"CCT5",0.827421317016289
"CREB3",0.827237299700297
"SF3B5",0.827192921409723
"COX7A2",0.827184656998244
"SNX8",0.827007991985901
"TALDO1",0.8268432838772
"CPT1C",0.82674563001067
"FLOT2",0.826698164052251
"COL6A2",0.826667019894261
"DENND1A",0.826554593168199
"OAZ2",0.826401258417819
"ARFIP2",0.826317798433426
"BCKDHA",0.82605864488528
"CHCHD6",0.826036529520806
"NUP37",0.825975255794515
"ADAT1",0.825900679860541
"SORD",0.825794004550426
"HMCES",0.825765986331083
"FIBP",0.82562994611031
"TNKS1BP1",0.825622165670388
"HMGN2",0.825611349664556
"DPP9",0.825530978554945
"ELP2",0.825497181366688
"PTGES3",0.825247389324724
"FLAD1",0.82501785374396
"TGFB1",0.824850278097544
"TK1",0.824733194872864
"RPS16",0.824642395661026
"ODF2",0.824406339933097
"PRPF38A",0.824334361609111
"APCDD1L",0.824307148200948
"KHDRBS1",0.824289780524426
"SF3B3",0.824195592104153
"UCHL1",0.82389012418663
"RPL41",0.82364565713773
"RASSF1",0.823538258105606
"DPCD",0.823232329752529
"NIP7",0.823202979817764
"SNX12",0.822907576787373
"MVD",0.822765319489431
"GUK1",0.822559738723835
"KDM5C",0.82193874050014
"RPAP1",0.821843206554198
"DLGAP4",0.821829420541554
"RPS3",0.821752092627931
"MFSD5",0.821480146880813
"IPO4",0.821276427343921
"IQSEC2",0.821271922642837
"NFKBIL1",0.821260903295882
"MLLT1",0.820732976642341
"LGALS1",0.820704021934049
"MAFK",0.820692998706258
"ARAF",0.820348005931884
"HSCB",0.820290801311812
"TMBIM6",0.820274515835481
"HDAC7",0.819725246824028
"PCGF1",0.819656007348759
"PPP1R12C",0.819655913474303
"PPP1R35",0.819519883116169
"P3H2",0.81946423826562
"BUB3",0.819389226527997
"JUND",0.819325638833133
"HNRNPA2B1",0.819228117900962
"AKR1B1",0.819118579641086
"SLC25A39",0.818835437003899
"HADHA",0.818765963650236
"INPP5K",0.818639560332128
"CHD4",0.81819072918848
"ARHGEF18",0.81818516190099
"ICAM3",0.818141035202316
"THOC5",0.818070847033503
"LAMP1",0.817833276793902
"CLPB",0.817518956903152
"BCAT2",0.817432679522896
"RPS6KA4",0.817355706349938
"FKBP10",0.817258180054242
"NFKBIB",0.817212748148648
"P4HA2",0.81718351546073
"MRPS11",0.817177666542281
"MT2A",0.816751532248293
"TEAD4",0.816638942698796
"TAPBP",0.816603950206423
"RPS8",0.816463772652265
"FDXR",0.81620831070775
"DNAJC5",0.816173054758353
"NDUFA3",0.816091362964635
"BAK1",0.816066737691812
"SLC25A38",0.816042027642691
"ESYT1",0.815914214491526
"PKMYT1",0.815910470852002
"PHKG1",0.815840764958582
"CSTF1",0.815726521903573
"CCDC51",0.81561431873111
"SMIM7",0.81548356695255
"ZNF428",0.81544043350097
"SMYD5",0.815296113211012
"HMGB3",0.815243124330299
"RAB1B",0.815219482349486
"AEN",0.815211572751522
"DAGLB",0.814672469543304
"PSMC4",0.814593153422236
"NR1H2",0.814222535996907
"HDAC1",0.814133682162039
"RPLP0",0.813853871239391
"RRP1",0.813549659635315
"CSF1",0.813501484773781
"COPRS",0.813482169817413
"PPP1R9B",0.81343761031138
"SAMM50",0.813243603873091
"TRIM56",0.813158483663283
"BRD3",0.813131916833416
"C19orf53",0.813061607641705
"GNL3L",0.813044462622962
"VIPAS39",0.813038030100231
"KHSRP",0.812829358959844
"RBM14",0.812796599080277
"SF3B4",0.812779403499583
"DCAF15",0.812753541791801
"NTPCR",0.812551014568694
"MDH2",0.811840085127632
"AK1",0.811809848809717
"SF3A1",0.811792617819263
"TMEM223",0.811681860668236
"MIF",0.811679239047388
"SDC1",0.811598554447122
"RPL28",0.811529597446724
"SFSWAP",0.811465924583058
"IRAK1",0.811432936885438
"RAN",0.811208268468831
"UQCC1",0.810793442016487
"POLR2H",0.81065128203324
"CC2D1A",0.810640416491547
"EIF2B1",0.810638111219514
"GMPS",0.810515692591209
"RELB",0.810253459098979
"SUMF2",0.8102169991371
"NUB1",0.810037636468259
"TSPAN17",0.809985775799757
"KDM1A",0.809803271747496
"CTTN",0.809799603727462
"CIAO1",0.809760871375257
"BRF2",0.809694829166581
"DDB1",0.809609925283285
"USF2",0.809608323570646
"USP11",0.809473996952605
"STOML1",0.809186994568898
"RER1",0.809178962063652
"UNG",0.809168500529921
"MORN2",0.808637647042347
"TRIM47",0.808337428476951
"PSMD2",0.80833218147415
"ADGRE1",0.808243757051919
"YIPF1",0.808081990441998
"MEA1",0.808023831582017
"SLC39A1",0.807806440271927
"SNX21",0.807715823928735
"RPL27A",0.807653313469148
"GMDS",0.807199733276474
"ST6GALNAC4",0.806920036423674
"NUCKS1",0.806904605944399
"NOP16",0.80686318607026
"CYB561D2",0.806811265904378
"SFPQ",0.806808524044164
"JMJD8",0.806806160344845
"DNAJC1",0.806629207730165
"FLCN",0.806593411442964
"CAPZB",0.806520341785215
"SF1",0.806237793108386
"IPO5",0.805933740736507
"PRKDC",0.8055637492244
"RPS4X",0.805399963603613
"HPS6",0.805290382970044
"ZBTB7A",0.805232886898012
"NDUFB10",0.804962157488894
"ARHGEF1",0.804867707760378
"KRT18",0.80480133635296
"RNF208",0.804496546181921
"DENR",0.804259079923514
"DHX30",0.803946001682264
"ZNF408",0.803912041344923
"ELAVL1",0.803388664986147
"COX8A",0.803258120333916
"PAQR7",0.80320897657503
"RARRES2",0.803112206245771
"GGA2",0.802740367623767
"NACC1",0.802740219167798
"BAIAP2",0.802704338388261
"TRAFD1",0.802695389625769
"MFSD3",0.802674606103383
"PRR7",0.802393750403925
"ARF3",0.801864514967923
"ZFYVE19",0.80153496351542
"NFKBIA",0.801416247741732
"TIMM8A",0.801256959175218
"SVIP",0.801159862126526
"BCL2L12",0.801130397061521
"EIF3F",0.800843578812856
"THAP11",0.800809901442515
"PCYT2",0.800682309650342
"NCAPH2",0.800648913403446
"CHID1",0.800469810114573
"TXNL4A",0.799951435726891
"PSMG1",0.799940451926387
"ACBD6",0.799888466391293
"CDK9",0.799719607449042
"KTN1",0.799607461511631
"STX10",0.799607152341139
"GSTP1",0.798905011405361
"ILK",0.7987818383202
"SUCLG1",0.798772312204572
"MGAT1",0.798712917296855
"IMPDH2",0.798690034798386
"MCM4",0.798513790252501
"FBXW9",0.798478553971795
"TXLNA",0.798476257616387
"SEPHS2",0.798241113283597
"TPX2",0.798121279931379
"PFDN2",0.797767660549477
"SNRPA1",0.797704795947095
"PA2G4",0.797671152077787
"IARS2",0.797571977354435
"TBC1D17",0.797417588384881
"NAP1L1",0.79711192543668
"PTDSS2",0.797015823619612
"PRDX2",0.796805395991093
"MAP7D1",0.796736353196963
"FN3KRP",0.796447838921992
"TPRN",0.796311592436185
"PHAX",0.796289668619022
"CLDN4",0.795899634853166
"PI4KB",0.795780138867682
"ANAPC11",0.795663919076466
"BRAT1",0.795557307335959
"AURKB",0.795554683928531
"RALBP1",0.7948058689066
"GHDC",0.794734795549871
"GEMIN6",0.794621535983636
"ANXA5",0.794589108525423
"ANGPTL4",0.794588158164372
"DAP3",0.794401072260622
"MED10",0.794384119611578
"DHDDS",0.79411430344399
"TAP2",0.794058656191042
"CLCN7",0.79382490493375
"SLC4A1AP",0.793630735929079
"SARS2",0.793549477018392
"DNAJC2",0.793353782892965
"SPHK1",0.79312684567383
"CDK11B",0.793004149128622
"RPL38",0.792995318909931
"ZNF771",0.792843241934533
"DDX21",0.792814461386757
"IGFLR1",0.792752320322636
"PIAS4",0.792747759755623
"ASL",0.792741550592212
"ABHD14B",0.792644068894152
"MAP2K3",0.7925771920731
"PTOV1",0.792570938830086
"GID8",0.792492110566934
"ZNF579",0.792287216397817
"TMEM161A",0.791575708633658
"PAFAH1B3",0.791401465775869
"DNAJC14",0.791395149141961
"SHISA5",0.790986309283904
"RPL10",0.790703744260203
"ZCRB1",0.790556531840705
"WIPF2",0.790517558681249
"RNASEH1",0.790428530463448
"SRRD",0.789641623526935
"KLC1",0.789407562046247
"BIRC5",0.789405730535359
"NRIP3",0.789320039990853
"ACP2",0.788626976237071
"DDRGK1",0.788547388180264
"FAM98B",0.788529111545159
"RAD51",0.788093295774835
"UBE2G2",0.788020680303133
"CTDNEP1",0.787885559323681
"DTYMK",0.78770568904073
"ILKAP",0.787635007811807
"RCL1",0.78753602059551
"VASP",0.787384073642631
"CYSRT1",0.787328131111572
"ZNF576",0.787249551486435
"HECTD3",0.787230988135238
"MSRA",0.786813139358701
"METAP2",0.786801684969122
"CRCP",0.78669976415606
"KIF2C",0.786682377210337
"FUZ",0.786513573668109
"SH3GL1",0.786509752867413
"SLC35F6",0.786487902400392
"APEH",0.7864010265521
"WDR4",0.78635996119415
"FAM136A",0.786180199755511
"PRELID1",0.786075592372157
"MAGEC2",0.785561331710314
"FANCG",0.78547674500506
"NUDT16L1",0.785382424023156
"SIL1",0.785231901121561
"LTV1",0.785021956228215
"SYDE1",0.784872160666359
"IL32",0.78484420126971
"PTMS",0.784729948895097
"ATP1B3",0.784722700675927
"NOL3",0.784718325978263
"LARP1",0.7846272796713
"MSC",0.784457125447691
"AP1M1",0.784362100909676
"NFKB1",0.783843363160051
"GFER",0.783214475745964
"SSBP3",0.783063285692105
"MTCH2",0.782914042768817
"TNFSF9",0.782616962942309
"UBE2R2",0.782483871061121
"RPS27L",0.78236397936501
"TNNT1",0.782114690535843
"CFB",0.781673311798309
"ARFGAP2",0.781631866653417
"EIF4A3",0.781597765547195
"CCDC25",0.781179675615158
"OGFOD2",0.78107347685187
"PDCD11",0.780970864397871
"RIN3",0.780329604749476
"POLD4",0.780188105988981
"HNRNPA0",0.780111311001568
"RMND5B",0.779909051794161
"EHD1",0.779854669743308
"ANXA6",0.779830966959208
"PCBP3",0.779729345956397
"STYXL1",0.779670581614042
"CMIP",0.779632483485808
"FAAP24",0.778833600031967
"CRTAP",0.778555231495489
"CSTF3",0.778509869678471
"GSTT1",0.778135995984023
"ZNF688",0.778119389432986
"SRSF9",0.777853256570817
"RPL37A",0.777742232597015
"GOLGA2",0.777643020396044
"COX7B",0.777625522877326
"DDX18",0.777560841200244
"CAPG",0.777551635326047
"RRAS",0.77713530150589
"TMA7",0.776780424964134
"NUP85",0.776683965292034
"RPS6KA1",0.776682646365373
"AIMP1",0.776671367800044
"TACC3",0.776617722744855
"RBM19",0.776368169146138
"MEIS3",0.776145539784271
"PSMC6",0.776135903370919
"ZFAND2B",0.776028071986065
"LARP6",0.775957503053481
"SERP1",0.775664562087969
"EID1",0.77558839825904
"LSM10",0.77545224035401
"PTTG1",0.775131036895559
"PHF20",0.775022634728248
"WBP4",0.774975854613026
"SAAL1",0.774715812068498
"ERAP2",0.774669687392521
"SPTAN1",0.774608512743387
"MT1F",0.774515935996588
"WFS1",0.774449393519717
"COQ5",0.774432419048653
"TXNDC17",0.774395462846554
"DCTN1",0.774169406044412
"BMP1",0.774084469041427
"INTS5",0.77404812546842
"DHX34",0.774035466302587
"CXXC1",0.774002164142514
"DDX1",0.773908405642958
"SMARCC1",0.773879603120454
"CCDC71",0.773629293165608
"NDUFB9",0.773353241430651
"PDLIM2",0.773256524481935
"PDLIM7",0.773112642237823
"LMNB2",0.77289542449832
"PSMD8",0.772845563856332
"PPP1R16A",0.772671446928803
"COPS3",0.772518866410159
"TMEM258",0.772488058901872
"BCAR1",0.772223709849383
"CCDC103",0.772219698633413
"TMEM179B",0.772183497879897
"ENO1",0.772042756947709
"HK1",0.772018313201869
"PSMA1",0.771915200150739
"TTF1",0.771834822924115
"ANKLE2",0.771687107086675
"RPS24",0.771592639277918
"PHKG2",0.771553759488009
"AKT2",0.771504737386495
"BCAS4",0.771410875790261
"GGCT",0.77136104802109
"UBALD2",0.771141597635917
"LSM2",0.771074453081687
"RAB31",0.770916547123879
"TPI1",0.770865347699963
"ATXN7L3",0.770836626298628
"CKAP4",0.770819093391044
"ILF2",0.770774348122102
"HNRNPAB",0.770761036434106
"CDKN2AIPNL",0.770746538331417
"MRPL48",0.770686260520099
"ARMC5",0.77049691456072
"CPT1A",0.770464070244094
"CCDC97",0.770439825699823
"EIF4B",0.770214027334525
"CLN5",0.770184242576589
"MFN2",0.770150372765317
"MRPS33",0.770113329783439
"GRINA",0.770060704029491
"BCCIP",0.769793096610082
"IFT43",0.769678998567691
"UBTF",0.769677878176695
"CCNY",0.769659632464796
"MAP1LC3A",0.769630985229249
"KPNB1",0.769547720313614
"NSUN2",0.76940841533677
"VHL",0.769342619034718
"CTR9",0.769323589981584
"VTI1B",0.769290964571801
"SETDB1",0.769078757989552
"JUNB",0.769028282132304
"EXOC3",0.768775322585564
"SNW1",0.768594384518671
"UBQLN4",0.767927650094523
"GCAT",0.767926540264309
"GOLM1",0.767832154549192
"VGF",0.767801767966515
"TNFAIP2",0.767676929767375
"PEX16",0.767598928214525
"CLEC11A",0.767232133275164
"LRRC45",0.767021201981717
"IER3",0.766639498901045
"NELFE",0.766225496802409
"PCYT1A",0.76614798750984
"CLP1",0.766136388159597
"VPS33A",0.765814034353554
"UBL5",0.765302226510507
"ATIC",0.765170851474347
"PARP10",0.765103720163462
"RHOT2",0.764591391180806
"PSMC3IP",0.76453144506329
"YIPF2",0.764098327780522
"CDK2AP2",0.764051387885914
"SPSB1",0.764027329802932
"NDUFA9",0.763890970524697
"CDK5RAP2",0.76384558335825
"TGOLN2",0.763749462782005
"RPL29",0.763639686193735
"DUS1L",0.763629497412595
"EDEM2",0.76340759552869
"TIMM44",0.763160065523211
"MAFG",0.763126266374912
"BRF1",0.762959300227541
"ZNF219",0.762506667785465
"NFS1",0.762410092729438
"MYO1C",0.762356763059821
"SURF4",0.762288747703651
"RPL36",0.76226330139615
"ZNF358",0.76222338437058
"PNP",0.762203202616187
"METTL13",0.762169392883378
"CCND3",0.762043251275131
"QTRT1",0.762014856198732
"CEBPB",0.761869797762583
"PTGR1",0.76105970069614
"ANAPC7",0.760975994133609
"EIF3D",0.760837235891794
"CCT6A",0.760488561500742
"ASPHD1",0.760390908951178
"MED27",0.760337292626049
"LRRC42",0.760335703962248
"WDR82",0.760292578750012
"NT5DC2",0.760197823415733
"NUBP1",0.760139365575573
"CHCHD4",0.76010774313924
"CRTC2",0.760066002440438
"PHF14",0.759467361457182
"PSME3",0.759345896196025
"RRP7A",0.759274620978802
"DDX46",0.759172453793456
"LRRC59",0.758903949199236
"HSPA9",0.75886283249141
"DMPK",0.758133147376131
"COL1A1",0.757692308860054
"ZNF629",0.757644031133301
"LRSAM1",0.757556243950767
"EXT2",0.757519696697302
"SMPD2",0.757239873277557
"VKORC1",0.756963497468915
"ARHGAP1",0.756880380424518
"PYGO2",0.756579417696749
"RPL27",0.756417202812665
"IDH2",0.75636517415508
"RTBDN",0.756191628838832
"IL11",0.755500650705736
"ANKRD52",0.755408456700398
"RASSF7",0.7552588736544
"GNL1",0.755144240738614
"PCGF2",0.7550141033214
"MVK",0.755013237794373
"MZT2B",0.754702907698355
"DPP7",0.754450245807131
"NUP107",0.753987126038795
"RHOF",0.753967212267861
"SSBP1",0.753823024051077
"KRT8",0.753820286613898
"POLR2J",0.753801689538384
"DERL1",0.753767315462824
"CAMLG",0.753731816858953
"C19orf25",0.753578001313569
"EXOSC9",0.753544415740296
"TRMT6",0.753480621697242
"USP39",0.753365839342763
"UBXN6",0.753222137098248
"APOL2",0.753077443148965
"RPS29",0.752820219688164
"S100A6",0.752799872683048
"MPG",0.752551516842059
"GOSR2",0.752465961568075
"MSRB1",0.752332563919789
"RECQL4",0.752225340327183
"ARF6",0.752182441243221
"CUTC",0.752081879575746
"PMM2",0.752048669138813
"ZBTB17",0.751931654720607
"STRN4",0.751889469432048
"ACAA1",0.75163024075726
"MCOLN1",0.751454865652291
"SND1",0.751321156602913
"MED19",0.75121347604701
"MXD3",0.751206867253904
"MRPL46",0.75110241275758
"RPS21",0.750878911715098
"SAP30BP",0.750547424578135
"VPS29",0.7504488725871
"SNRPB2",0.750375658664681
"NCOA5",0.750065318620608
"ARL6IP1",0.749692670537431
"EHMT2",0.749635308332887
"GLOD4",0.749418960135721
"GFOD2",0.749363873809193
"HOMER3",0.749331992061857
"CFDP1",0.748929069524078
"RPS13",0.748769813051453
"MKNK2",0.748752411963443
"WDR5",0.748553059000538
"WDR25",0.748485181914057
"RDH11",0.748407969464602
"WDR1",0.748359995318856
"RPL24",0.748193103586647
"PFKM",0.748190924088225
"MTG2",0.747838132046519
"ASB6",0.747608015501029
"FAM89B",0.747466141128924
"ATRAID",0.747423893675928
"DEF8",0.747076873885813
"HSD3B7",0.746969537630463
"FAM98C",0.746966080583064
"CD99L2",0.746682084992931
"HBE1",0.746426396212058
"COX5A",0.74600158936423
"MRPS17",0.745899794910165
"EXOSC3",0.74558100733469
"TRMU",0.745518326413625
"IER3IP1",0.745377840803149
"KAT8",0.745098361470534
"SDF4",0.745001821993684
"NNMT",0.744931098913189
"MRPL47",0.74477524071
"OXLD1",0.744736660156766
"ZNF584",0.744398705304375
"PI3",0.744384757180444
"DNAJA1",0.743989442826888
"CYC1",0.74342373327176
"PLEC",0.743406608319238
"TROAP",0.743392609682613
"DAXX",0.743262734468478
"RAB20",0.743230418070731
"DLST",0.743076556305697
"ZCCHC17",0.742975049118074
"SLC16A3",0.742966402008506
"BCL2L1",0.74247696847473
"SIX5",0.742361360173042
"C11orf58",0.742243538000308
"NSFL1C",0.742222681629959
"CENPM",0.741975996384082
"PSMC2",0.741745108374967
"PDCD2",0.741590323077612
"RFTN1",0.740685233542033
"GTPBP3",0.740652440850908
"MMP14",0.740627949297289
"UBE2C",0.740607815720641
"DMWD",0.740472486953981
"ZNF687",0.740365742334586
"PHF5A",0.740306157145345
"RBBP7",0.740275550354014
"TELO2",0.740231587018971
"EMD",0.74020744398649
"ORMDL3",0.740090364969933
"SRI",0.740086458324909
"LSM14B",0.740079186324835
"DCAF13",0.740000549325128
"CENPB",0.739907657580416
"YWHAZ",0.739585213739319
"ARHGAP11A",0.739571005374792
"GPN1",0.739567945818919
"TOM1",0.739549032548086
"MYL12B",0.739327787648886
"TRIP10",0.738839092754119
"RBM17",0.73880232267806
"GCHFR",0.738799810562308
"CCT2",0.738697585697416
"FXR2",0.738169832557006
"FERMT3",0.738059899914121
"GMPPB",0.738038795380942
"HAUS8",0.737923420777266
"RPUSD2",0.737604642989361
"KDSR",0.737525383425005
"FZR1",0.7374708963743
"LETMD1",0.737364860759624
"GPKOW",0.737165607737875
"EIF2AK4",0.737057823034866
"TAGLN2",0.736876588612563
"PPA2",0.736766351451058
"KLF16",0.736736023722254
"FASTK",0.736707969254683
"TECPR1",0.736640105933154
"EMC10",0.736512611165619
"UTP14A",0.73651160896236
"MRFAP1L1",0.736489772056913
"TMEM259",0.736378907494375
"CDC123",0.736171445801894
"RAMP1",0.736078183275873
"HMGCL",0.73606292746606
"TCEAL3",0.73603265811211
"INHBA",0.735926083801538
"DRAM1",0.735800905531495
"DHRS11",0.735676308343352
"ICAM1",0.735591704867706
"SNUPN",0.735508274274354
"GALM",0.735352250987521
"CNPY3",0.735211419143049
"MAEA",0.734784354439074
"RANBP1",0.734530647529289
"ZNF574",0.734301056406154
"NEK2",0.73306463339348
"GART",0.733020304152306
"MORF4L1",0.732726524072839
"BFAR",0.732322033042908
"PLCB3",0.732297240342979
"RP9",0.732238457330559
"PARN",0.732046119909837
"MED25",0.731919532587201
"SEC24C",0.731872962565201
"PSMA3",0.731778124888661
"ZNF865",0.73161749725798
"JMJD4",0.731588948509277
"UBE2Z",0.731489018063584
"AKR1A1",0.731477300076168
"TUBA1C",0.731357847949589
"STAU1",0.731337132086958
"MCM3AP",0.731171710106315
"NME3",0.731146993300172
"RITA1",0.731119756385914
"WDR70",0.731029717637888
"COL16A1",0.730973901256128
"RANBP3",0.730773966123909
"PFDN6",0.730523384928859
"PITX1",0.730457712559387
"PRPF3",0.730364756753611
"BTBD6",0.730340471985471
"TRMT2A",0.730043333127585
"HAX1",0.730015625348299
"MT1E",0.729701940435691
"HNRNPL",0.72934977930126
"MRPL17",0.729334430423528
"CCDC167",0.729280681532835
"CWF19L1",0.729220180297073
"USP19",0.729217866043786
"BIVM",0.72918056754088
"SMPD1",0.729111334528793
"CYB561A3",0.729105585486257
"MRPS9",0.729011433463267
"NUDT18",0.728661121466262
"UCK1",0.728294667925428
"LIN52",0.728249397563053
"MRPS18A",0.728202900510816
"FLII",0.728053690084687
"GOT2",0.727422790487176
"ADAM15",0.727302747534391
"FKBPL",0.727268121899876
"BLK",0.727143454941673
"NECAB3",0.727134045405044
"VAT1",0.726761938970175
"UBE2V1",0.726699020057926
"VPS9D1",0.726620387480274
"TRMT112",0.726236836013862
"NUDT14",0.726036140383454
"ZNF395",0.725908427694014
"SFXN4",0.725886208424892
"CARS2",0.725790458982406
"NUCB1",0.725559400015497
"ZSCAN2",0.725457418698259
"ALG5",0.725422392189973
"MAX",0.725369754828109
"AUP1",0.725194005696658
"PSMD14",0.725035384044495
"PLA2G15",0.724906662755021
"RBM22",0.724743060318154
"TIMM8B",0.724638993555854
"BST2",0.724603542499264
"MAPRE1",0.724189730870809
"SNRPG",0.724081148733724
"PFN1",0.723602249933099
"HNRNPDL",0.723505910431546
"DYNLT1",0.723498615800208
"DPF1",0.723044931062334
"CENPN",0.723040379715808
"AKAP8L",0.72302246072335
"SLC25A44",0.723005353811398
"HGS",0.722612013869276
"CNPY4",0.722529018005892
"MOGS",0.722324851534813
"SPATA2L",0.7221421137531
"MKRN1",0.72165617294474
"VPS25",0.721547822419838
"SLIRP",0.721527771766675
"DDA1",0.721480079161547
"NPM1",0.721366969735891
"OSGIN1",0.72127304944563
"MEMO1",0.72102927996274
"DOC2A",0.72093026072966
"NOL6",0.720920725550219
"SYAP1",0.720512066143393
"ENDOV",0.720458643266798
"ADGRE5",0.720246621621629
"ACSS2",0.719885737918098
"THRAP3",0.719800640055785
"GDI2",0.719734718907021
"PTMA",0.719485063113853
"BLCAP",0.719461372382744
"ACYP1",0.719449913428
"KCTD17",0.718876652785688
"NFIX",0.718824706173774
"UBE4B",0.718779808252697
"WDR3",0.718584880940156
"RILPL2",0.71851578869136
"RALA",0.71849094618686
"ATP6V1D",0.718379608127964
"SEC11A",0.718278506895268
"C8orf58",0.717906483804678
"RPIA",0.717858867639166
"CALM3",0.717815691105578
"SPHK2",0.717796608258839
"EEF1B2",0.717406767767202
"CLPTM1",0.717328509920482
"MOV10",0.71695636091939
"ARFRP1",0.716954356406192
"PROCR",0.716783171478497
"TMEM201",0.716750787548604
"RPS20",0.716730023855497
"SAE1",0.71667606449007
"PFKP",0.716656398401769
"SERTAD3",0.716360144786793
"CD63",0.71629211876116
"TNFRSF1A",0.716180355148298
"PTDSS1",0.71589608088791
"GLI4",0.71588460639815
"ALKBH4",0.715665472307599
"ANKRD9",0.715603728347139
"CCS",0.715523946545973
"KIF1C",0.7153850055106
"UBXN11",0.715363930099583
"SUDS3",0.715105628049852
"GABARAP",0.715089090402571
"DYNLRB1",0.715025386578368
"VPS37B",0.714926420890297
"AP2A1",0.714760616755228
"STK40",0.714680096205745
"CEP250",0.71455239082898
"TLX2",0.714525834216716
"MTFR1L",0.714504745955779
"LASP1",0.714410121226363
"ERCC2",0.714140628817593
"TM9SF2",0.713844820925583
"GMPPA",0.713824277326561
"GAMT",0.713563921498817
"RTCB",0.713403278054377
"RTN4",0.713305691958962
"MCAT",0.713274844016078
"TRIM65",0.713164571047925
"SHB",0.713084845463223
"NACA",0.71238595217534
"ABTB1",0.712333671020058
"SNRNP40",0.712072300455717
"TRAPPC6A",0.711934082054465
"B4GALT3",0.711846684512632
"CMC2",0.711605953986625
"PLEKHA2",0.711509945629859
"DYRK1B",0.711447417262327
"COX6A1",0.710993462014512
"HSPB1",0.710953124479438
"CRELD2",0.710826777165619
"NIT2",0.710766696802102
"DDX50",0.710718143457009
"ZDHHC5",0.710349188110599
"RPA2",0.710327705242293
"ZDHHC12",0.710303749735699
"CMAS",0.709995035624576
"ARPC1A",0.709883937402702
"NUDT5",0.709861224586653
"RPL7A",0.70966964178821
"ROM1",0.709619724592553
"GCC1",0.709143212807179
"TUBB",0.708996254323709
"IMMT",0.70880600886334
"HARS2",0.708787847151742
"EIF2S1",0.708756259100341
"POMP",0.708643771072016
"AP3D1",0.708465316732071
"MRPS10",0.70840685849439
"TBCD",0.708127409975639
"CD59",0.708083772186221
"HNRNPUL1",0.708034120705345
"BIN1",0.70768115524487
"DNTTIP1",0.707654797118635
"CHST7",0.707432648948499
"EWSR1",0.707308949808229
"CCDC106",0.706659568372206
"ATG13",0.706625438354819
"PPP2R5D",0.706213001091769
"TSPAN4",0.706188040672907
"SDHC",0.706185000851356
"ACAA2",0.705888410881837
"DHFR",0.705747443158325
"PMM1",0.705060652257845
"SPTLC1",0.705034065602229
"NFATC2IP",0.70497203743088
"B9D2",0.704942105425129
"MECR",0.704853873702313
"DCXR",0.704467419995117
"HSP90AB1",0.704346796985017
"RNPEP",0.703659918602309
"CWC27",0.703611008434483
"EML2",0.703347743781564
"POLR2C",0.703280935842561
"CERS5",0.703255932644052
"PXN",0.703193600397438
"METTL16",0.703146988329165
"RNF114",0.702937883364252
"PSMA2",0.702618151472461
"MOB2",0.702580377852762
"ACTB",0.70220550265935
"NRDE2",0.702164400013535
"YY1",0.702093198628502
"CLIC1",0.701921162007339
"HIGD2A",0.701904556966582
"HCCS",0.701618680614851
"SFN",0.701601134894186
"HSPA4",0.701270390075812
"ASXL1",0.701051635378118
"CYB5B",0.700797372385761
"THAP4",0.700786127552838
"RAB11B",0.700762893817361
"TKFC",0.700759278568513
"DYNLL2",0.700439032996571
"ULBP2",0.700059154099501
"TAX1BP1",0.700033412815675
"ACO1",0.699690591261599
"CCDC86",0.699370302818928
"B9D1",0.699353867518047
"RPS23",0.6990629731003
"ZBTB48",0.699034556388528
"DGUOK",0.698979677735438
"SLC25A11",0.698884726416716
"EIF1",0.698783176477511
"GGT7",0.698624743586626
"UBE3A",0.698485190953892
"CDC16",0.698421490582016
"CAMKK1",0.698362890582317
"EXOSC6",0.697834915526187
"MPND",0.697707150898809
"NDUFA8",0.697578866653879
"CNOT2",0.697313050587926
"SUGT1",0.697175623076345
"AGBL5",0.697153158532649
"HSPB8",0.69699027635646
"GLG1",0.696875466734829
"EXOSC8",0.696853153187205
"GNL3",0.696803898525795
"GGNBP2",0.696646696903232
"UQCRB",0.696618542186196
"SRM",0.696304733890347
"GCDH",0.695779073261993
"APOBEC3C",0.695735106348185
"B4GALNT1",0.695681897627664
"TNPO3",0.695367089080283
"CNN2",0.695237762711299
"YWHAG",0.695166855663024
"SPATC1L",0.695114070804117
"ANAPC16",0.694954795494676
"SMARCA1",0.694653060862755
"SMARCC2",0.69448678904628
"MAGOH",0.694374981585789
"GPR108",0.694129098486916
"RPRD1B",0.693518379827257
"C19orf47",0.693360093364459
"ZC3HC1",0.692843154628759
"PREB",0.692760438739282
"EPS8L1",0.692675421099388
"DHX32",0.69246604101791
"AHCYL1",0.692384928531254
"LHB",0.692362881251571
"ETFA",0.692339487961141
"TIMELESS",0.692309246354115
"RNF10",0.692307875950362
"DNAJB6",0.691893009954102
"POLG",0.691806669291884
"CANT1",0.691713413700788
"SRP68",0.691227938536416
"CCNO",0.691083873138621
"SNRPF",0.690761572262102
"VPS45",0.690474732971406
"ETV4",0.690399892731963
"MIIP",0.690365028217164
"HDAC3",0.690350675827312
"GPX4",0.690341627916334
"DHX16",0.690175085141411
"PHC2",0.690113138580143
"PAK4",0.689760481373189
"CENPH",0.689214293477203
"NXF1",0.689048774746486
"CMTM6",0.688996526491807
"POLR2F",0.688866279339903
"RBM28",0.688497293215546
"C11orf24",0.688395950894196
"NDRG3",0.688209856634101
"POLE3",0.687904378946054
"TNPO2",0.687863987058554
"RPS2",0.687759741264407
"CDK16",0.687454376696983
"IDH3G",0.687345555490106
"RHOG",0.687269504960669
"SERGEF",0.687121030969498
"CTPS1",0.687001611555423
"VPS35",0.686997354188843
"RPL36AL",0.686720978066564
"MAPK3",0.686625635699434
"CTSA",0.686481857909816
"NAPRT",0.686343437230748
"PPHLN1",0.686217354660532
"PPA1",0.686196091048376
"NOLC1",0.685472822807573
"THAP3",0.685356891274891
"TRAPPC4",0.685340979905411
"IKBKG",0.685261215568923
"BAP1",0.685243280274362
"SMARCA2",0.68521340919237
"TRAPPC12",0.685159734724998
"SLC38A10",0.685143002989846
"SLC2A4RG",0.684681240947777
"SYNGR2",0.684636818686267
"PELI3",0.684520419957866
"TMEM87A",0.684375641232715
"UPF1",0.684263608761605
"ADM",0.684011843544476
"COPZ1",0.683508684018813
"LSM3",0.683482879769359
"DCTN2",0.683307611782011
"TUBA4A",0.683206432500588
"PPP5C",0.68300492634378
"TMEM138",0.682945233905712
"PIGG",0.682618704501471
"ENG",0.68253220783062
"SMG6",0.682365519368838
"MEN1",0.682351491027147
"FH",0.682308852702719
"COPA",0.682190195153721
"GRB2",0.682049553165264
"PPME1",0.681274672267965
"ZWINT",0.680832596089073
"AMBRA1",0.680725593889094
"YIF1B",0.680577443978204
"CIART",0.680477052186837
"MZT2A",0.680439913230728
"RABGGTA",0.680215011470443
"AP2M1",0.679633531924287
"DNAJC8",0.679358222800651
"IKBKE",0.6790336830126
"ARRDC1",0.678447481042302
"LSM1",0.678386840590879
"TRAF2",0.677891789208811
"COMMD6",0.677789129238675
"LAMTOR1",0.677709799005896
"OGG1",0.677658754987538
"CDC42SE1",0.677338724024295
"PTGFRN",0.677112204395984
"CXCL2",0.677053444947388
"SMARCB1",0.676249617764427
"FUNDC2",0.675945417811862
"ABCD1",0.67549698133138
"RABGGTB",0.675441478626116
"ATG4D",0.675424029447042
"FAM83A",0.675220800771646
"ARL4D",0.674704210579175
"GLA",0.674598139693502
"PTBP1",0.674520171139895
"HTRA1",0.6744467157663
"KRT7",0.674444896819533
"SS18L2",0.674381432524936
"HMG20B",0.674145410096025
"MLEC",0.674059613998964
"ATP6V1F",0.674019048266191
"MTA3",0.6739599978465
"NAGLU",0.673863389780284
"TAOK2",0.673745699768186
"RNF41",0.673701404718583
"EIF1AX",0.673529341572001
"PPID",0.673526249948366
"RALY",0.673390476002385
"SLC8B1",0.673381191604981
"ANAPC5",0.673141364724962
"ECH1",0.673050440685285
"TINF2",0.672948151435139
"SSX1",0.672916109501065
"DNPEP",0.672765780873527
"U2AF1L4",0.672597116330651
"CBX6",0.672581698041425
"EXOC4",0.672532974566733
"ATP6V1E1",0.6715258004971
"NOL7",0.671514471876684
"MTCH1",0.670982523016079
"NMB",0.670911793116878
"PPP1CC",0.670754358381383
"P4HTM",0.670689079556263
"EPHX1",0.670649539264413
"EPDR1",0.670629121655264
"UBA1",0.67061513211816
"GKAP1",0.670612377025097
"ERLIN2",0.670589782069319
"WFDC3",0.67043141581591
"HSPB6",0.669696845003002
"HACD1",0.669612593601884
"PLK1",0.66955020292529
"AMPD2",0.669498197521574
"TP53BP1",0.669291519557691
"SUMO3",0.66896954085038
"TCF19",0.668641322860116
"RPL39L",0.668334854921028
"CLASRP",0.668073581882856
"UBA2",0.667602952598066
"MALSU1",0.667588882449519
"MTDH",0.667431415953517
"CANX",0.667406659619747
"DNMT1",0.667188057085246
"PTRHD1",0.66682335529988
"ASB8",0.666661209635904
"SLC25A5",0.666472200787359
"FADS3",0.666467619999687
"TBL2",0.666454888254592
"DALRD3",0.666454300156498
"TUBGCP2",0.666420736144554
"IFRD2",0.666304151401466
"LEMD2",0.666113305883063
"FBXL18",0.666066005205465
"PPP1R8",0.666059232941257
"TOR1B",0.665906682163312
"CLK3",0.665477345273151
"TOMM20",0.665383710690826
"PRMT5",0.665260886146754
"CARD10",0.665165363586236
"SLC39A14",0.66495695274298
"FOXRED1",0.664740421566853
"EIF4G1",0.664443041392273
"NEK9",0.664225497808565
"ASS1",0.663915250639112
"EPS8L2",0.663715716489611
"OTUD5",0.663392670527417
"SNX11",0.663379125046617
"RPL14",0.663248297743152
"XRCC3",0.663231627478812
"TRIM21",0.663203126612893
"KPTN",0.663184741801474
"NGDN",0.663004474590703
"RBPMS",0.662986841498509
"THYN1",0.662873289543943
"TCEAL4",0.662826364424645
"RAB32",0.662723909546859
"MRPS15",0.662652643278694
"ANO10",0.662373952179465
"PTPN1",0.662334858438164
"CCDC80",0.661908694646976
"FSD1",0.661347665660881
"NCS1",0.661037490900152
"RTCA",0.66063905218861
"PCNA",0.660623621035672
"ERGIC1",0.660614811550063
"DOLPP1",0.660364168257141
"RPL7L1",0.660344086845947
"PTPN11",0.660334222063156
"CDCA8",0.660297015959061
"RPL22",0.66026017896461
"AKT1",0.66024236816892
"CDC42",0.660147036282889
"ALKBH2",0.66013638243917
"MICU1",0.660126443889799
"SCCPDH",0.659723694773745
"ASF1B",0.659674672137197
"COX7A2L",0.659631429148432
"GLMP",0.659615708957892
"PHTF1",0.659460986965926
"FMNL1",0.659449265700323
"SDF2",0.659299320913987
"SERPINE2",0.659041095830176
"MIER2",0.65827171089342
"MBTPS1",0.658114843942982
"SLC2A6",0.658039223914158
"RPL22L1",0.657824400203203
"FRA10AC1",0.657770664696783
"KCTD11",0.657751811834849
"TRIB3",0.657695826358352
"RRAS2",0.657629831548291
"RPLP1",0.657381862844055
"CIR1",0.657378924237687
"MED9",0.657373151897018
"SEMA4B",0.657351181006093
"RABGEF1",0.657311381566576
"HYI",0.657271893881028
"ZFAND2A",0.656941579236738
"PEX14",0.656847115596063
"TCF25",0.656706892496937
"BRK1",0.656416753839846
"RPUSD3",0.656403995343703
"STARD3",0.656374813846809
"KLHL21",0.656283140500364
"SLC7A1",0.656155951321352
"CDC42EP2",0.655715924243694
"SHISA4",0.655391282692607
"EHD2",0.655311470792428
"ANXA4",0.655272336524224
"GADD45A",0.655084558052634
"KRT10",0.655036536741881
"NAP1L4",0.654571080641786
"AGPAT3",0.654312516698814
"DBN1",0.654196251974273
"KCNMA1",0.654153888811561
"ADAM12",0.654072391642315
"MDFIC",0.654002677337138
"KDELR2",0.653915015008138
"HINT1",0.653420778444899
"POLR3A",0.653304817341641
"SERINC3",0.653194536659252
"PHF19",0.653004557805261
"CSE1L",0.652771349693125
"HCN2",0.65261428039324
"STMN1",0.652524582939171
"STAT6",0.651988611314578
"ZRSR2",0.651403291183631
"SLC3A2",0.651268451220409
"RNF135",0.650718262892681
"BAG1",0.650350614839292
"EIF3J",0.65032811022714
"CTNNAL1",0.649797289542006
"LEO1",0.649552871431857
"OCIAD2",0.649278480578533
"PVR",0.649245178269449
"MAPK12",0.649177584033279
"SH3GLB2",0.648996733023358
"CS",0.648738994039878
"RPN1",0.648695972505473
"FARS2",0.648572528542389
"UPF3B",0.648570669237053
"GFPT2",0.648452973966923
"ALG3",0.648424503727939
"PBXIP1",0.648006984009836
"ESRRA",0.646879952582028
"PPP4R3A",0.646775649934789
"CCAR1",0.64670600291226
"GPT2",0.646675557809091
"ACIN1",0.646608463615526
"MPV17L2",0.64650289772877
"DAD1",0.646299017084635
"RPL19",0.645979371531111
"TTC7A",0.645935097387633
"KLHL12",0.645654534879767
"SLC10A3",0.64563870008757
"TERF2",0.645407528284836
"EMILIN2",0.645294814282484
"RAB12",0.645156011612896
"PCID2",0.645088988058846
"MPHOSPH10",0.644680657445829
"UQCR10",0.644621590152591
"ADH5",0.644395141142849
"TOLLIP",0.644309851915007
"TRADD",0.643938034550825
"GPN3",0.643862797533762
"TIPIN",0.643596495256509
"ELP3",0.643435200321816
"OTUD7B",0.643277140681864
"PPM1F",0.643274823998754
"TRPT1",0.643129683620584
"ARPC3",0.642871915759603
"PPP2R5C",0.642760259466843
"IFITM2",0.642728640889728
"ECM1",0.642289380569656
"BCKDK",0.642247512665762
"CHP1",0.642076539516143
"HNRNPH3",0.64204065793717
"NDOR1",0.642023041443735
"TWF2",0.64197587377932
"ZFPL1",0.64196718953586
"TACC1",0.641868119811882
"TSEN54",0.641773620547947
"NPTN",0.641410236113397
"L3MBTL2",0.641293490037826
"PGRMC1",0.641193507093544
"ZDHHC4",0.641176664954587
"LMNB1",0.641157787417121
"IFT20",0.641025627746459
"CCDC47",0.640359404172642
"TM9SF4",0.640242394285854
"MYH9",0.639586034338228
"DSTYK",0.639262136052984
"TXNDC12",0.639261656314032
"GPI",0.639199565325242
"SPPL2A",0.639123903232931
"SETD3",0.638995142193186
"SLC35A2",0.638948188112003
"PGM1",0.638857833929875
"YBEY",0.638804739040559
"ZNF394",0.638784252746864
"TFE3",0.638696639028868
"TMEM186",0.638664715088638
"ANXA2",0.6386324875949
"ACTN4",0.638579616215117
"COPS5",0.638249175012488
"MUS81",0.638243814295044
"ACOX3",0.638157192831024
"AMFR",0.637421831961746
"FSCN1",0.637389499662324
"IPPK",0.63738090841462
"AHNAK",0.637376243723443
"GABRQ",0.637264761216923
"CSTF2",0.637227472654565
"ILF3",0.637178959960115
"TNFRSF9",0.637121643164228
"NFKBIE",0.636855413821989
"SLC35E4",0.636819322854742
"DCAF8",0.636806227217391
"TSG101",0.636696922106508
"LMF2",0.636605327103442
"GRK6",0.636314506640117
"ZNF48",0.636294199863151
"RWDD1",0.636277103578599
"SEC16A",0.635670357844698
"NOP10",0.635627554755162
"RCN1",0.635601075478259
"UBAP2L",0.635369532114927
"ZER1",0.635367607610866
"SLTM",0.635331193765476
"ABHD12",0.6349556453901
"COX7C",0.634929018432741
"BICD2",0.634819000793322
"CAV1",0.634687366379453
"TXN",0.634491009050302
"GLRX3",0.634333888545222
"POLR1D",0.63396814917471
"TIMM17A",0.633803506411274
"CNOT7",0.633714194018945
"CENPW",0.633667806963571
"UAP1",0.63354768050039
"POLR1C",0.633474657650817
"RBM26",0.633319706029766
"AP5S1",0.632857892421366
"NCOR2",0.631960071055143
"TAF6",0.631952895738579
"PPP1R7",0.631818238519585
"PSMD12",0.631706077287753
"CALR",0.631315426248125
"PCMT1",0.630991143666189
"UPF2",0.630960002276632
"PNN",0.63083599652713
"ZNF653",0.630812796965963
"PPIE",0.630637108835587
"PPP1R26",0.630634877779164
"DUS2",0.630368630931437
"FBLN1",0.629551143928586
"INTS10",0.629513882607848
"MRPL16",0.629069449110234
"MRPS28",0.628968621717724
"PCCA",0.628910211285669
"XRCC5",0.628878817032728
"OS9",0.628688759902926
"SH3BGRL3",0.628637424327991
"PPP3CC",0.628376768355792
"SV2A",0.628322702716269
"DNAJB1",0.628315585834154
"GNGT2",0.628281773445038
"BRCA1",0.627778202942146
"KDM2B",0.627760457528722
"DYNLL1",0.627744131238592
"PCIF1",0.627605737856315
"PPP3R1",0.627356747359415
"RBM23",0.627335812009738
"C1QBP",0.627189770373433
"SMARCD1",0.627050570169756
"MTMR14",0.627017673027022
"PIN4",0.62658990097517
"STC2",0.626495807754433
"DNAJA2",0.625675744318479
"DOLK",0.625650847187542
"HPRT1",0.625547791815599
"M6PR",0.625312471161306
"GPR176",0.625102851323115
"IMMP1L",0.625086023782598
"CCDC61",0.625030797973329
"TEX261",0.625023604703637
"METTL6",0.624978593944543
"TOR2A",0.62496615504399
"OBSL1",0.624328393747254
"SLC39A9",0.624325555780098
"UBALD1",0.62421916101513
"THUMPD1",0.624106514396077
"LUC7L3",0.623896353539341
"NFE2L1",0.623640296437607
"ST3GAL4",0.62350547321656
"SMC3",0.62324658199905
"MRPL43",0.623235751302171
"CBX3",0.622976562369942
"CCDC107",0.62287746708783
"NIT1",0.622843266552277
"C12orf43",0.62278151623353
"KXD1",0.622233574322628
"HIC1",0.622119971520327
"MRPS26",0.622071474243283
"PFDN4",0.621771192308051
"SCYL1",0.62171783104394
"ETF1",0.62158176980557
"ACADVL",0.621563594901821
"NCKAP5L",0.621457621903812
"CA12",0.621435802430318
"SH2D4A",0.620932645450535
"TRAF1",0.620637325482245
"LAT",0.62059993819485
"ZNF205",0.620236580693408
"NXPE3",0.620033173427762
"RASA3",0.619819783657624
"TNRC6A",0.619406648075024
"HSDL1",0.619279577831539
"ST6GALNAC6",0.619208734482696
"PPP6C",0.618867929172306
"SUB1",0.618809567395883
"RSL24D1",0.618772887234834
"VDAC2",0.618493871386438
"FEM1A",0.618301364141914
"SPSB2",0.617442370583012
"RGS3",0.617318561145863
"MPLKIP",0.617107779334651
"API5",0.616996116515966
"CAD",0.61686780686149
"PFKL",0.616710197792652
"ZNF24",0.616586212703478
"A4GALT",0.615883032852714
"PTP4A2",0.615464312105394
"BCL7B",0.614850849864673
"CCNB1",0.614579427066604
"NOL10",0.614215178727127
"SMARCE1",0.614179782689762
"RPTOR",0.613767200191509
"RCC2",0.613765498286133
"MRPL10",0.61351667589739
"ABHD17A",0.613468799613949
"PARK7",0.613266980800562
"RFC2",0.613243969847329
"KCTD10",0.613020218851962
"LOXL1",0.612864409639973
"PDLIM1",0.612388064978246
"STK4",0.612364029591201
"WDR6",0.612171518916671
"KDM4A",0.612032921636799
"KIAA0319L",0.611803179010759
"TMEM234",0.61055846436284
"DNTTIP2",0.610522509245822
"ARMC10",0.610456069192489
"ZC3H15",0.610167220892693
"PFAS",0.610137164676048
"FCF1",0.61012883058075
"COA4",0.610116217462588
"XIAP",0.610028266347242
"PITPNM1",0.609897914823851
"LDHB",0.609792497079513
"MEF2D",0.609782618761932
"UCHL3",0.609626853672746
"RABEPK",0.609297420694895
"CORO1C",0.609224098750329
"SESN2",0.609048256313589
"TMEM214",0.608887333147695
"DTD1",0.608803220913886
"NOB1",0.608585843357008
"RPL5",0.608573406477407
"RAD21",0.608409701171008
"MAGED2",0.608104164096852
"CTDP1",0.607886005466543
"MTIF2",0.607882453709572
"ARHGAP35",0.607853922055187
"UBB",0.607793131128902
"TTI2",0.607755602450165
"UTP3",0.607733606231877
"C1orf216",0.607465535325697
"STAP2",0.607464912521162
"MNAT1",0.607394309814448
"RPS15A",0.607317551984486
"HNRNPF",0.607161259539112
"DDX3X",0.606891273040287
"CAND1",0.606752526246432
"TATDN1",0.606322757099466
"RPL26L1",0.605996544166054
"EIF3H",0.605877228717679
"REXO1",0.605766640772773
"KANK2",0.60572833120882
"BECN1",0.605493780589657
"MFAP2",0.605460305596704
"ARF1",0.605399450733869
"RAD23A",0.60528864287704
"CIRBP",0.60503698598825
"MCM2",0.604898236683732
"HCFC1",0.604792566110957
"NUTF2",0.604730868773738
"CCNK",0.604698989070574
"SRSF4",0.604497684870282
"RPS11",0.604469939745657
"TARDBP",0.604407056851647
"EMC6",0.604332955403542
"TBX2",0.6040550671042
"ERICH1",0.603961659186321
"MESP1",0.603945645452907
"AK2",0.603774060895431
"ECD",0.603476523549651
"WDR81",0.603008739337274
"PICK1",0.602828774808855
"KATNB1",0.60265241784228
"MARK2",0.602623635127798
"ATXN10",0.602577168400483
"CCNB2",0.602394354677122
"RFNG",0.601929020978267
"SETD1A",0.601890102192316
"C1orf50",0.601743481233536
"ZFYVE1",0.601380541155045
"GSPT1",0.601262308121417
"VRK1",0.601129143737608
"PIM3",0.600841127374694
"RTN3",0.600605224490194
"HMGA1",0.600576515840917
"CAMK1",0.600493602180523
"HSPA14",0.600382497218207
"RAB3B",0.599641446420412
"CMTM3",0.599557582219245
"INO80C",0.599505180476046
"CEBPZ",0.599400634569471
"TMEM39B",0.5993195985555
"RNF126",0.599304032367179
"GNPAT",0.599058988108779
"USF1",0.598702337777728
"MMP3",0.598583483646264
"DOK4",0.598572186636976
"ZNF707",0.598522611203984
"SLCO4A1",0.598425353288761
"ANAPC13",0.598014552935312
"RBMS1",0.597609454868978
"SAPCD2",0.597412200179849
"MRPL33",0.597401825591997
"LACTB",0.597037739412934
"MLF2",0.596883166548424
"TRNAU1AP",0.596863260153917
"CXCL3",0.596761066746816
"PPT1",0.596323175936723
"SGSH",0.596291305129545
"GAK",0.596055982810219
"HNRNPK",0.595961996975236
"DHRS7",0.595929002855405
"UROS",0.595703929500219
"COMTD1",0.595304774798184
"SSR3",0.595140063962848
"GAS2L1",0.595042185930713
"LCN2",0.594975499083645
"HMGN1",0.594869917079749
"GALNT1",0.594768108100636
"UQCRC2",0.59476285166687
"MSN",0.594486234586475
"COQ3",0.594319013400193
"FKBP3",0.594096962102783
"CSRP1",0.593862434830847
"POC1A",0.5938391100886
"CHMP5",0.593489311009905
"IRF1",0.593372572332449
"RAVER1",0.593273737390155
"WBP2",0.593206063138905
"FAM120C",0.5929712475961
"G0S2",0.59292953112531
"IAH1",0.592883322446393
"MGAT4B",0.592804857623111
"PTS",0.592461479703844
"AURKA",0.592380270045353
"EBI3",0.592331262301233
"C9orf40",0.592206845796123
"UHRF1",0.592199060662115
"PARP12",0.592075041763304
"ZNF212",0.591613929209093
"MRM1",0.591488651585272
"LYRM4",0.591341455443634
"ITPRIPL2",0.591088338010167
"GLTP",0.590806903513637
"DPM1",0.590774524610836
"TMEM106C",0.590772459355044
"CALM1",0.590230603438987
"CDC6",0.590135671486901
"SHARPIN",0.58994367944569
"EIF3E",0.589235295649112
"MAP2K1",0.589154883201456
"NUDCD2",0.589144172070689
"PSMG4",0.589041921073292
"TTI1",0.588610920618051
"MXRA7",0.588593652578693
"TUBGCP3",0.588367518057109
"RSAD1",0.588297990165345
"RNF26",0.58806671682745
"TRABD",0.587838773981578
"DNASE2",0.587519841881688
"GNL2",0.587457533820268
"AP1M2",0.587118797888001
"MLST8",0.587008871471579
"HSD17B4",0.586798126182674
"PRR12",0.586567520871625
"SLC2A8",0.586411917361181
"NUP88",0.585516073167718
"USP22",0.585401115844613
"ZNF740",0.585262493895067
"INTS3",0.584814163358618
"DTX2",0.58448938419505
"RPL35A",0.584171327044456
"SIGMAR1",0.583931915859171
"CASP4",0.583780163152997
"MAP3K13",0.5837525116678
"CCNH",0.583516982523797
"PIK3CD",0.583395865061151
"ATP6V0E1",0.583368397178528
"VDAC3",0.58312629283245
"SLC27A3",0.582927097995954
"TM2D3",0.582917618016511
"HMGB1",0.582713747209401
"MBOAT7",0.582548189324485
"DNPH1",0.582533286731505
"ANXA7",0.582527429870329
"ZNF668",0.582446032953119
"RUFY1",0.582075656519465
"ZFAND6",0.581993123481191
"SZRD1",0.58173964145095
"KIF5B",0.581436579323562
"RRM1",0.581406329164742
"TRIM26",0.581387401411168
"RPA1",0.580919775903774
"PDZD11",0.580849767945597
"XPOT",0.580764892902877
"AP4M1",0.580499098713542
"LRP10",0.58029234363507
"IL6",0.580033131936086
"DDIT4",0.579942147612828
"NSMCE4A",0.57968833676858
"TMEM245",0.579476771294339
"TRIP4",0.579345088629432
"RAI14",0.578868997974587
"IRF2BPL",0.578776149680122
"TOR3A",0.578758518406907
"PITPNA",0.578327086660934
"ERH",0.578277527664418
"UBA7",0.578187429261011
"MDM2",0.578126243159836
"MRPS25",0.578117962406887
"REEP5",0.578105590582727
"WBP1L",0.577746067376362
"ZDHHC7",0.577625170024819
"IP6K1",0.577518062781381
"FDFT1",0.577315797625766
"PRKCD",0.577288928159565
"RAD23B",0.577225213290054
"PRAF2",0.57720394462991
"PDIA6",0.576954849130785
"NELFCD",0.576868760011513
"TEX30",0.576836470980008
"GEMIN7",0.576631015124552
"LUC7L",0.576466698197651
"AJUBA",0.576369115693473
"DYNC1H1",0.576041091323934
"TFCP2",0.575935290380654
"ECHDC1",0.575880568785439
"DHX9",0.575516314633157
"MCAM",0.575153203590181
"LPXN",0.57503501970707
"COX17",0.57498601942456
"BTBD2",0.574452482919342
"UBFD1",0.574353024618784
"CASP6",0.574069659311258
"LMBR1L",0.573986555594585
"LTA4H",0.573641629468518
"BSDC1",0.573632060408803
"SMS",0.573413441222697
"MORC2",0.573312119618811
"YME1L1",0.573211186289302
"ENY2",0.573115606776456
"PLGRKT",0.573007294276635
"ITGB1",0.57297634457954
"FADS1",0.572864096826955
"ATG4B",0.572849356399648
"PTTG1IP",0.572718728891239
"MID1IP1",0.572677076715136
"IGFN1",0.572641643281658
"CTBP1",0.572573951218719
"C1R",0.572139564841572
"G3BP1",0.572006859923829
"SRP14",0.571950718423273
"CHAF1B",0.571932767572791
"RWDD2B",0.571741771201825
"SMC1A",0.5716353941821
"CALM2",0.571520698943476
"GPR68",0.571520644015921
"NRM",0.571472947027842
"TUBA1B",0.57101420293175
"NAA20",0.571013831100362
"SMIM12",0.570844296148579
"GNB5",0.570520689560411
"TYRO3",0.570415109276242
"THEM6",0.57039822071395
"DUT",0.570371373072811
"THG1L",0.57032325730853
"LDLRAP1",0.570185081028003
"ACTR2",0.569918824719902
"FANCA",0.569685094738708
"TXNL1",0.569216795000805
"HOMER2",0.56904193942184
"EIF3M",0.5690133989525
"EXOSC5",0.568992454518317
"GINM1",0.56886616569389
"CMPK1",0.568749060808547
"CCL26",0.568720593594816
"CDCA7L",0.568477414073935
"BROX",0.568336194453878
"GNG11",0.568305341690168
"RBM3",0.568220222564271
"RPL12",0.568156445163676
"SKAP2",0.567990066137159
"TRAP1",0.56797334217294
"ZBTB12",0.567571264633743
"NQO2",0.567113798526281
"GSTM1",0.566996995902973
"PIGS",0.566790091575716
"COA6",0.566413137666567
"PID1",0.565821820436542
"PDCD2L",0.565732368284684
"PDCD5",0.565371133418511
"SLC38A7",0.565253786732641
"ISCA2",0.565144678896684
"NUMBL",0.565020880077307
"TRMT10C",0.565012930787266
"SAP18",0.564777169035829
"ABT1",0.564561944666215
"DNAJC9",0.564182628248128
"RNF112",0.564070840227638
"SAR1A",0.563907107159731
"NDUFC1",0.563800877040926
"AMIGO2",0.563592065856625
"YBX3",0.563256578220105
"AGRN",0.562817881059346
"MARK3",0.562439825872265
"SMAP2",0.562413968261186
"TOMM40L",0.562110986932153
"PEX19",0.561937364683147
"MANF",0.561841973207786
"MRPL18",0.561807162323133
"HSPA5",0.561504212240443
"AKAP12",0.561380846285976
"SEC61A1",0.561312834839537
"SMAD3",0.560821903786552
"GFM1",0.560798188726686
"BYSL",0.560668685411949
"MRPS35",0.560462591268146
"DEDD",0.560251901735284
"SLC39A13",0.560050709464785
"RPS6",0.559842236158419
"PRADC1",0.55930878345415
"NAA35",0.559181985773709
"SPG21",0.558813224457747
"EEF1A1",0.558354518514893
"ASNS",0.558124367460584
"ZNF316",0.558110235491213
"FKBP1B",0.55801586594633
"CDH2",0.557898417559569
"MED6",0.557830448852094
"RRP1B",0.557044218731055
"ZMPSTE24",0.557032695441242
"CDK2",0.556873424524383
"RPL26",0.55685355137809
"SEPHS1",0.556747791354577
"ST3GAL2",0.556487376365048
"TFDP1",0.556268584164592
"HSPD1",0.556053661502325
"VASN",0.555442401005092
"ESD",0.555325809293665
"TAMM41",0.555304711467644
"PSMG2",0.555226412877633
"ZNF324",0.555014496623245
"REPIN1",0.554995529736817
"TMEM41A",0.554740633545704
"CHAMP1",0.55461818470738
"GALNT10",0.554595741340689
"TEX10",0.554328844923208
"TOX4",0.553920675552799
"HEXIM2",0.553883788641733
"CTCF",0.553705938289206
"CNFN",0.553602105681281
"ATMIN",0.553500560109608
"POLB",0.55322183523389
"CHD3",0.553114812998739
"TUBB6",0.553082176809689
"PPP2R5B",0.552625296273966
"B4GALT5",0.552621257988075
"GABARAPL2",0.552342303934146
"TTC17",0.552002130233999
"UBQLN1",0.551467634768927
"IFT46",0.551385595367649
"PRICKLE3",0.551296824069149
"CWC25",0.551096679142102
"PRRG4",0.550845872246488
"WDR24",0.550733117070075
"RCN2",0.550711595494032
"GTF3A",0.550678116846834
"ZFYVE27",0.550518592123093
"TRAF3",0.550000524319512
"PAIP1",0.549883958084005
"EMC4",0.549460731833897
"GTF2A2",0.549123884018364
"SUMO1",0.549022763854016
"RNF166",0.54898176899621
"CAPZA1",0.548786070480135
"PPIG",0.548444103058582
"EIF3L",0.548429512346369
"MAP3K10",0.54841416670443
"ICMT",0.548034819435026
"TMBIM4",0.547952292051227
"ITGB3BP",0.54780694288026
"MPHOSPH8",0.547667675770946
"CDH13",0.54725016222762
"TMOD3",0.547048715573272
"EFNA1",0.547047999692925
"NUCB2",0.546845239645745
"IGSF8",0.546828466513619
"COQ7",0.54668259801195
"DDAH2",0.546624805190856
"ZSWIM4",0.546306966817814
"UNC93B1",0.546291118659863
"DYNC1LI1",0.546141932494122
"GNPNAT1",0.54609370749461
"PRR11",0.546049990225411
"MUTYH",0.54603336158394
"RPP14",0.545809678290909
"MAGEC1",0.545777632047291
"ELOVL1",0.545555255753175
"ADAT3",0.545539943032925
"ARHGAP17",0.545487118652871
"ZMYND8",0.545485508659309
"MTA1",0.545362338027216
"AACS",0.545317470691556
"GTF2E2",0.544735367652801
"NDUFS4",0.544708108879315
"NFATC3",0.544424136943185
"TRA2A",0.544132074093441
"MRPS18C",0.543638611207759
"PDHA1",0.543638559559467
"SIGIRR",0.543388835268233
"FAM204A",0.543059709188183
"ATPAF1",0.542841775792757
"CSAG1",0.542729054859844
"CBX4",0.54237239145551
"HIF1AN",0.542123670532263
"RPF2",0.54207086219712
"KBTBD4",0.541948720611849
"UBR7",0.541795152429858
"HABP4",0.541620967510804
"PRMT6",0.541121672825684
"TAF12",0.540962597483956
"GSTK1",0.540934815048249
"PARD3",0.540705953421072
"RUSC2",0.540508505609552
"DIS3",0.540264150643581
"DNAJB11",0.540100798853986
"MRPL36",0.539799130370017
"BRI3",0.539677524163171
"CLPX",0.539527159254533
"MSH6",0.538835172240783
"CKS2",0.537873699782833
"TCP1",0.537823185562623
"NAE1",0.537732323076634
"ANKMY2",0.537707881530165
"KNSTRN",0.537627415650264
"EPS15L1",0.537589379857602
"FBXL15",0.537560245028438
"TBPL1",0.537317420293389
"LARP7",0.537305319228566
"IER5",0.537276574445851
"RGS20",0.537199406449649
"MED30",0.5370206403068
"BZW2",0.53699168047406
"PRDX6",0.536836228815933
"DVL2",0.53677153419597
"NCOR1",0.536692316420385
"ARL3",0.53664238790067
"KATNA1",0.536417260988257
"PTPN14",0.535867063950011
"MAP3K14",0.535627557621112
"ZNF503",0.535624546968668
"SF3B6",0.535595396304203
"DUSP14",0.534919462101557
"CD68",0.534864969561994
"NFX1",0.534833166037214
"FKBP1A",0.534764100123588
"PLAA",0.534719842854981
"MIER1",0.534591913065721
"IDNK",0.534428639233548
"ZNF628",0.534240666046018
"CAMTA1",0.534135522741741
"MRPL45",0.53405763536822
"ACLY",0.533592298647478
"UBE2Q1",0.533578153576153
"RPL34",0.533268959800095
"PRPSAP1",0.532890552723212
"AP5B1",0.532688224547809
"LRRC41",0.532678093734463
"CXXC5",0.532578569023961
"C6orf47",0.53231101289326
"CPSF1",0.532255278022346
"WDR55",0.532175082110891
"NIPA2",0.531923642016098
"RPS27",0.531588828471997
"FOXM1",0.531572774661338
"ASH2L",0.531500807889002
"SKP1",0.531442660958264
"ATP6AP1",0.531243327119556
"LSM5",0.531118822840973
"TSPAN14",0.531033665578386
"RTN4IP1",0.531028664015119
"PIGO",0.530867554062872
"MRPL13",0.530326082877271
"CPSF2",0.530202958873734
"GUSB",0.530140775537413
"HPCAL1",0.530037962641347
"LRPPRC",0.530016809883619
"SNAPC4",0.52985523698179
"STX18",0.529839194503306
"LPCAT3",0.52974253251166
"RPL31",0.529640602454826
"ZNF598",0.5289928286948
"ATP6AP2",0.528748840040388
"ID1",0.528713788416554
"TRPC4AP",0.528634629027787
"TSN",0.528533406654884
"ZKSCAN1",0.528439596663251
"LZIC",0.528265491342172
"FURIN",0.528174662646315
"AXL",0.527864098270628
"CTNNA1",0.527398831845563
"ACTG1",0.527059248488686
"MLLT11",0.52682936671258
"TBCE",0.525587555870634
"IFT22",0.525566565048449
"LRRFIP1",0.525094362870631
"FOSL2",0.524964450350749
"RBBP5",0.524878453745519
"IGFBP4",0.524532556212836
"SEH1L",0.524462123512377
"PDHB",0.524227864899013
"SPCS1",0.524112172442615
"MND1",0.524061328069194
"LAMB1",0.523666852696443
"TAF3",0.523637967250298
"POLL",0.523148244468306
"PLCG1",0.523077803875894
"WDR43",0.522945836110467
"RPL30",0.522619553263071
"MPHOSPH6",0.522197043295454
"CEP170B",0.522034310462086
"CNRIP1",0.522026980568235
"BET1L",0.521988407310517
"GIT1",0.521954690126999
"ATAD1",0.521665182354381
"SIN3A",0.521624542826046
"CSTB",0.52158975153956
"ZFP64",0.521521233053321
"FKBP9",0.521379116302968
"PLRG1",0.521092835862589
"CNIH1",0.521079553609444
"RAB3D",0.520806420588237
"AIMP2",0.520761665284776
"NDUFV2",0.520324572308292
"COX11",0.520202359906995
"KCTD5",0.519944999836883
"ADK",0.519709775219884
"AKR7A2",0.519390090439484
"BLOC1S3",0.519284609707255
"EAF1",0.51918869912593
"S100A10",0.519007009580044
"TMED10",0.518920525951042
"ATG9A",0.518917120276243
"LSG1",0.518876495940301
"RNPS1",0.518564851693608
"GPBP1L1",0.518390712473609
"CSF2",0.51827017300326
"ARIH2",0.518148229693902
"ZFYVE21",0.518078249186288
"STRAP",0.518003037896186
"TUFT1",0.517659642232015
"BRIX1",0.517133897072282
"ALKBH5",0.516935615411015
"CDR2",0.516881833266231
"DHRS13",0.516796109152136
"DPH5",0.516561270935073
"COA1",0.516558156588762
"BTBD10",0.516219501685223
"ASCC2",0.516023143667787
"CERS2",0.515991903533501
"CTSD",0.515605846567697
"TMEM199",0.515505627749323
"NVL",0.515202351144798
"BPNT1",0.515083339264584
"SEC62",0.515044948705749
"DPF2",0.515003631616264
"RCCD1",0.514964815487344
"CDKN1A",0.514749890105974
"TBC1D1",0.514300418200943
"LYRM1",0.514181113141554
"SSB",0.514164761625219
"QPRT",0.514136250568155
"PRPF38B",0.513874609099539
"PYCARD",0.513851704921523
"FBXO27",0.513708319412297
"PHB2",0.513589367838523
"HEATR1",0.513354037707943
"CATSPER1",0.513143781718375
"IDH3A",0.513076705261183
"CYFIP1",0.512830343763967
"STAT3",0.512787502885269
"GTF3C6",0.512665574158401
"HSPA8",0.512622608746664
"LMO7",0.511933130014848
"CCDC71L",0.51187366488529
"C1orf54",0.511765712915911
"XPO6",0.511734208998108
"ARL1",0.511614901781135
"EMC2",0.511595878284789
"NIPSNAP3A",0.511042103979839
"DPP3",0.510898525327166
"EIF5",0.510748994110662
"CCHCR1",0.510642701773289
"C14orf132",0.510261717523075
"PCBP1",0.510090603892881
"DCTD",0.509740578810546
"FOSL1",0.509566541429091
"SAT2",0.508735878400971
"KYNU",0.508608150302947
"JADE2",0.508156911760257
"MTHFD1",0.508095583461863
"PLK2",0.507795224447669
"SMTN",0.507724888204851
"BRD7",0.507724856094511
"TUBA3C",0.50699210584154
"SUN2",0.506745130275807
"MBOAT2",0.506642136594559
"PRPF18",0.506611677012755
"SLC39A6",0.506551232403265
"IQCG",0.506460929520322
"PLAUR",0.506385266828282
"GTF3C1",0.506367733537797
"ADGRG1",0.50623987444572
"BDKRB1",0.505739756334326
"DGCR6L",0.505035790264718
"ATP13A2",0.504848196981989
"PDE4DIP",0.504227652977618
"SAMHD1",0.504204402581656
"NUP188",0.504202641578123
"DDX28",0.504156854720128
"ISCU",0.504104994687795
"SPPL3",0.504053715446161
"DEDD2",0.503802163366465
"RFWD3",0.503762742983608
"FUNDC1",0.503569526528773
"RFX5",0.503556186719846
"TNFAIP8L3",0.503426455607871
"GAS8",0.503349216034977
"CSPG4",0.503172695463064
"MFSD1",0.50296296849004
"TMED2",0.502929324908336
"HNRNPH1",0.502889444182526
"SHROOM1",0.5024089048775
"WNT5B",0.502329201107657
"IGBP1",0.502324357501611
"UBE3B",0.502316958383006
"SLC25A14",0.502302049815772
"SLC25A13",0.502027132678945
"COTL1",0.501900989485345
"AP5Z1",0.501831020631316
"SLC9A1",0.501779471071379
"TCAF1",0.501258567323525
"RALB",0.501192317689147
"TNFRSF12A",0.501138070934084
"PAMR1",0.50089536240931
"COPG1",0.500800856334662
"NT5C3B",0.500620281699802
"MAN2B1",0.500611814962767
"KDM2A",0.500542016031652
"HDAC8",0.500541208901595
