"Gene","logFC","AveExpr","t","P.Value","adj.P.Val","B","Correlation"
"AARS2",1.68,7.14375,1.89306561895569,0.07842956411021,0.388806818833207,-4.55929557300802,0.861082302241024
"AATF",6.16249999999999,34.12875,1.65442665422414,0.119463604589914,0.473752003111306,-4.91263066936318,0.843345504907703
"ABCE1",7.63875,22.308125,1.58970527377839,0.133407584653401,0.493594436293717,-5.00307682116358,0.75074103343722
"ABHD11",6.42375,17.725625,4.63579106401372,0.00034998578672492,0.0476585908524438,0.40119644430307,0.5031230988851
"ABLIM3",-11.965,26.375,-1.64491992001492,0.121429468771814,0.477673568402764,-4.92606872033618,0.5442338518583
"ABT1",2.495,9.44,4.19073452866808,0.000839299137532003,0.0684709309902798,-0.414273448677895,0.617405822473138
"ACP1",12.57875,58.113125,4.44715218339435,0.000505846115594828,0.0543410714752822,0.0580736357696718,0.504795763402033
"ACTR5",0.94125,4.006875,3.27216477037648,0.00532827431815236,0.155470319561666,-2.13644215457599,0.682915196219312
"ACTR8",1.64125,8.748125,2.12262401981322,0.0514020766179306,0.339420282126911,-4.19375048992571,0.845508340226655
"ADAMTS5",0.405,0.44,1.59893610062517,0.131337209946688,0.491300994767039,-4.99032761044077,0.579811147167475
"ADAMTS6",0.98125,1.603125,1.82279037088763,0.0889647981742797,0.410647130693159,-4.666404886412,0.665622282240386
"ADAT1",1.9475,7.655,2.69659709964261,0.0169263356040015,0.23526697169921,-3.19959644566842,0.751311179596766
"AEN",5.9875,13.26625,1.82155318727492,0.0891610724376504,0.410838407930627,-4.66826864838797,0.798628130887285
"AGK",3.97375,16.184375,2.28610958129576,0.0377147047451996,0.306756244779536,-3.9206860688703,0.885490175996448
"AIMP2",10.8475,26.83375,3.15235772577558,0.00678808830891257,0.170019310426196,-2.36063971952103,0.876533412908163
"AKAP8",2.72875,10.963125,2.87644721239756,0.0118262004530175,0.205551167374856,-2.87196805247692,0.749415669890123
"ALG2",-2.78,14.10125,-1.79983266797038,0.0926702379355038,0.41875016947353,-4.70086324136153,0.526583169264256
"ALYREF",39.19,81.7875,3.85081691334521,0.00165580067753688,0.0927024693875741,-1.04853026804451,0.761557767748639
"AP4B1",3.6275,8.62875,5.66191622359402,5.08500015465609e-05,0.0191863412085368,2.18435439955473,0.663251754020678
"APTX",2.03625,16.885625,2.05004670249325,0.0588464633816001,0.354075846612677,-4.31174742177305,0.563290140576345
"AQR",1.50125,8.061875,1.60809588417347,0.12931004189865,0.487169143770623,-4.97762646852352,0.79258794679011
"ARHGAP19",1.0725,3.285,2.84330898839237,0.0126369892999051,0.212099714140186,-2.93273738846032,0.579859379022054
"ARID1B",2.09625,10.109375,2.85810728440994,0.0122684201816517,0.208632260948257,-2.90562052922056,0.728040748451757
"ARIH2",7.9225,31.62625,2.61057216959835,0.0200660582351954,0.252022455407506,-3.35416279851211,0.598849396038679
"ARMC6",4.54875,11.886875,2.34624722895844,0.0336025316452487,0.295712075134645,-3.81794819029449,0.917745014757452
"ARPC1A",34.21375,107.913125,2.93814553749504,0.0104500716883245,0.196110002688466,-2.75840424614478,0.756173085187222
"ATAD3A",7.2,22.07875,1.83348296103597,0.0872844282355252,0.407634935475399,-4.65026492702188,0.858772125882957
"ATAD3B",5.34125,15.011875,1.89346474030065,0.0783730711530652,0.388806818833207,-4.55868041486258,0.927829769537517
"ATP10D",0.918749999999998,4.559375,2.08310575751185,0.0553404238321412,0.348131440091667,-4.25826208485331,0.854049089920048
"ATP6V0A2",2.17125,5.696875,2.79934870870083,0.0137967754293238,0.218608112984086,-3.01308790117262,0.660612691103972
"ATRIP",2.3625,6.2625,2.26626793747858,0.0391722090576292,0.309532233090193,-3.95432616089557,0.922197822335827
"AUNIP",1.865,3.41125,2.02810276295322,0.061284998415914,0.358853089657491,-4.34700030479803,0.640348925021476
"BAHD1",1.48375,8.705625,2.73932602255987,0.0155490940937448,0.228416594617648,-3.12227122080724,0.538987437937454
"BAZ1B",9.64124999999999,29.808125,2.37564934084369,0.0317496507506534,0.290318579203886,-3.76730863934473,0.642271764047038
"BEND3",0.99125,1.114375,4.32810153916005,0.000639416448049751,0.0576696482599243,-0.160447781506009,0.506656974187411
"BRD9",4.51249999999999,15,2.12134781384702,0.0515251092287701,0.339581969884373,-4.1958434177583,0.72114518948989
"BRPF1",2.2125,8.34375,2.00312965767177,0.0641723662997332,0.365666397742136,-4.3868712758825,0.912947812268954
"BTG3",5.20249999999999,37.40375,1.72263408359507,0.106152022098942,0.446785794151508,-4.81472336887265,0.514366916679353
"BUD23",11.5125,64.65875,1.64272929322509,0.121886405237864,0.478639350664128,-4.92915787506537,0.716730305774848
"BUD31",24.16875,74.613125,4.18467251110208,0.000849466860024219,0.0687501416652171,-0.42551287997478,0.557262103221421
"C17orf51",1.81125,4.328125,2.23447922724414,0.0416178333014876,0.316506510992717,-4.00794514100192,0.770647135403359
"C19orf48",11.99375,28.733125,3.32188799702732,0.00481840667287519,0.149172928636654,-2.04314804314117,0.835555251449659
"C1orf109",2.62875,7.231875,3.70062483038986,0.0022405975494445,0.102089059370591,-1.33067297715651,0.573443740602241
"C1orf159",2.5175,7.875,3.02967588383756,0.00869348825682519,0.186328716945989,-2.58903471994534,0.53418936324073
"C1QBP",23.3375,103.17125,2.2643276822018,0.0393175355027863,0.310139322949026,-3.95760867977125,0.840470620393039
"C1QTNF2",0.94,1.8875,1.67697638816047,0.114910541200005,0.465580494781497,-4.88054996817702,0.878915174708909
"C4orf46",3.16125,7.498125,2.02072787112023,0.0621250748562639,0.360986622588214,-4.35880247773282,0.559212693096827
"C5",0.808749999999999,1.841875,2.3871689515899,0.0310504075337227,0.288386631201668,-3.74739767861914,0.738925909753311
"CAD",6.18375,11.819375,5.14860123471409,0.000131254378967714,0.0286719224770127,1.3113467217158,0.796591890349867
"CADPS2",1.8925,3.31125,4.0780547004915,0.00105035576762678,0.0756434014221246,-0.62366659187555,0.756265703855095
"CAPN15",3.05,10.69,3.01035253306405,0.00903830428369892,0.188348810910394,-2.62487234805137,0.693769762055547
"CAPRIN2",3.565,13.525,2.95299918061423,0.010142984320165,0.195373720836527,-2.73098786077751,0.51166732465992
"CARNMT1",1.23,4.77,1.84257779902776,0.085877479878123,0.404822237915847,-4.63649173556318,0.654793794879546
"CASP2",10.85625,17.873125,3.78475808958256,0.00189114398826865,0.0975567949237227,-1.1725305821225,0.772398933569335
"CASP6",3.38625,8.501875,2.35187086743041,0.0332404147182995,0.293967325605034,-3.80828284232799,0.766461478959036
"CBLL1",2.9725,9.9825,3.89156785173489,0.00152564888566899,0.0924114614326126,-0.972128833109388,0.716563660708195
"CBX5",5.03625,21.383125,1.88262045792468,0.0799210796768055,0.391642340399018,-4.5753674762962,0.841066013467126
"CCND1",46.13125,84.939375,2.31269490513781,0.035841584663251,0.30262328197489,-3.87541028580912,0.717173057005334
"CCNE1",3.29,9.2425,1.64079367564789,0.122291385470944,0.478789139808688,-4.93188512183673,0.551750739212385
"CCNE2",3.4325,7.1675,1.76214965139415,0.0990495540544726,0.432032042029897,-4.75683524194442,0.693401365982183
"CCNJ",1.3275,3.41875,2.99431581306876,0.00933467242800571,0.189309946479981,-2.65458275519225,0.648586192794264
"CCT3",22.01375,112.605625,1.92010300884303,0.0746843818016902,0.382958334884035,-4.51745329243718,0.861308966346399
"CCT4",21.635,82.98,2.52370458831966,0.0238022589002717,0.266456533961224,-3.50857573201326,0.607834026714267
"CCT6A",30.5825,96.485,2.12947022672862,0.0507466924857062,0.33833145392745,-4.18251221758191,0.66661118451587
"CD320",15.36625,38.645625,4.33071905565431,0.000636121368857011,0.0576696482599243,-0.155628043186763,0.531613341156871
"CD3EAP",2.22125,3.203125,2.97538875680074,0.0096967766756065,0.191228802081041,-2.68960942793779,0.764214221211961
"CDC123",7.50125000000001,49.318125,2.04024331635174,0.0599246710982916,0.356568594428238,-4.3275214737398,0.767054824200802
"CDC25A",4.4175,6.46,2.25223534101296,0.0402347103034636,0.312780556249044,-3.97803784365755,0.829955772447251
"CDC7",2.68625,6.049375,3.09650605439197,0.00759803018897069,0.178010966630886,-2.46479089027519,0.63781403375989
"CDCA5",16.1525,23.795,3.13949080212358,0.00696674769794418,0.172605701173006,-2.3846570190596,0.598490387881328
"CDCA8",14.05875,28.659375,1.76335814148982,0.0988390993903006,0.431824045627624,-4.75505174964573,0.681932324353831
"CDIPT",-13.4675,56.1725,-1.58472296894056,0.134536617104537,0.49534309257578,-5.00993700726685,0.521729444133506
"CDK13",1.72875,11.481875,1.72307394837128,0.10607056422829,0.446622061783415,-4.81408362026246,0.530710768631696
"CDK14",4.13875,8.620625,2.46987172322564,0.026442925474533,0.273974727270747,-3.60333754060997,0.501455773229838
"CDK5RAP1",2.45374999999999,12.926875,3.10707449984471,0.00743776141455936,0.177416773362613,-2.44510379265958,0.524288922086677
"CENPL",2.9075,5.67125,3.10659679881342,0.00744493298573112,0.177416773362613,-2.44599388040968,0.740060169745433
"CEP164",1.09625,6.089375,2.1876457128311,0.0454819875953351,0.325582718315855,-4.08629871403991,0.586353120775988
"CEP192",1.465,5.32,2.50822410998051,0.0245346101821343,0.266524059113723,-3.53590205307186,0.546994577010216
"CEP41",2.8125,7.55875,4.28024222396311,0.000702843798769804,0.0621498445901049,-0.248687719944055,0.635001023991285
"CEP89",1.6625,6.755,2.5945983843925,0.0207078726522777,0.254281371254428,-3.38268887978511,0.57622969462036
"CERS6",2.54625,12.690625,1.62303691064275,0.126061057085536,0.48384810197194,-4.95680275781471,0.67239335135164
"CFAP298",3.955,17.06,2.00115325949313,0.0644060950098335,0.365666397742136,-4.39001525514098,0.73931896772384
"CFAP97",3.4,8.72125,2.52766332058506,0.0236183661760813,0.265924319497221,-3.5015781068273,0.643242593805441
"CHAC2",1.77125,3.265625,3.44875827227778,0.00372747755617151,0.131480392382563,-1.80467541301957,0.644149452916238
"CHAF1B",4.80625,11.419375,1.61217512566709,0.128415934545598,0.486975090509961,-4.97195414510867,0.84772102208053
"CHAMP1",3.27125,10.544375,2.17612227127893,0.0464827103272778,0.328398592106907,-4.10545682227134,0.957438765723578
"CHERP",8.22125,19.425625,5.4875688981959,6.9896774042718e-05,0.0210481344152341,1.89238476424566,0.613440097822959
"CLDN12",3.76999999999999,14.75375,1.95044233274739,0.0706745940851946,0.374829973924428,-4.47009648361498,0.91526182664192
"CLP1",1.2575,6.35625,2.04005476181054,0.0599455852191533,0.356568594428238,-4.32782447244469,0.658159412204688
"CLUH",4.0625,17.57375,1.91508111848493,0.0753675719669755,0.383654278135353,-4.52525097365432,0.86671548365768
"CMBL",2.12,8.25875,2.35773677916734,0.032866627724139,0.293174786341993,-3.79819079876805,0.819960847045069
"CNOT10",4.47625,12.290625,3.08641778203389,0.00775420071999261,0.17996535787502,-2.48357395469468,0.801509152515688
"CNOT9",5.3825,26.75125,2.28138602062596,0.0380569914218858,0.307152482906316,-3.9287063623642,0.530331961785199
"CNRIP1",7.48125,32.534375,2.03853866882195,0.0601139905978363,0.356829031118496,-4.33026022457479,0.715603791654283
"COPS5",-3.47,24.31375,-1.59534576238905,0.13213919122703,0.491682942139766,-4.99529246200767,0.505365641778681
"CPEB1",-5.84,11.4075,-1.64937822748716,0.120504094603158,0.475686498988184,-4.91977322604976,0.522094600681372
"CPSF3",6.74625,22.974375,3.15739249581695,0.00671942219844171,0.169728668669425,-2.3512382664651,0.724775900803279
"CPSF4",12.02,19.84,3.00069258056765,0.00921569740136338,0.188807121760285,-2.6427723665894,0.536051703464371
"CRCP",3.9025,17.64125,2.18267013620152,0.0459115942821457,0.327302836913548,-4.09457673568783,0.62875198716423
"CREB3L4",0.530000000000001,2.5675,2.25362540799396,0.0401282665419801,0.312780556249044,-3.97569194381004,0.56863042925127
"CS",17.2075,80.3725,2.21172917828062,0.0434549495014699,0.321526482606495,-4.04610381872688,0.739164725089882
"CSTF2",3.01375,12.465625,1.73435991522708,0.103999189082142,0.442454619090128,-4.79763318377969,0.887100178900614
"CXorf57",1.345,3.86,3.13113831792844,0.00708520849387073,0.174348112815887,-2.40024046699247,0.569336571432027
"CYP27B1",0.765,1.30875,2.72999509783571,0.0158402466410033,0.229422217579224,-3.13918653834991,0.74976993670656
"DCAF1",2.7175,9.3325,2.30362636147262,0.0364704646233002,0.304200053379038,-3.89088003304235,0.752068748203777
"DCAF13",3.57624999999999,16.260625,1.64259622125276,0.121914210132479,0.478644756060986,-4.92934544000202,0.757702586392319
"DCLRE1B",2.6725,6.37,2.81215579792824,0.0134485796934159,0.216119988311851,-2.98971141837802,0.873097536536278
"DCTN5",3.69,13.48375,1.95150647627168,0.0705375573716744,0.374744998990436,-4.46842781765018,0.664553572676367
"DDX20",2.49625,5.913125,3.76177396952372,0.00198074374106094,0.0979410526867206,-1.21571217934934,0.671720270058435
"DDX28",1.0025,4.09375,2.16860044050091,0.0471469249287043,0.32968260902848,-4.11793579515272,0.754218957920014
"DDX51",2.05125,6.320625,2.35297692100795,0.0331696289946774,0.293758019913253,-3.80638072831271,0.637770279821191
"DDX55",2.59125,14.296875,1.91463750222052,0.0754281927261569,0.383654278135353,-4.52593922794624,0.744589895501022
"DENND1A",-5.87375,16.796875,-1.71415369780284,0.107733238001336,0.450079699545329,-4.82703680332343,0.556644909054491
"DHX30",8.125,25.995,3.64722341163467,0.00249556493009392,0.106274940610642,-1.43113808544868,0.717658520839928
"DHX33",3.14375,6.771875,4.41160747317077,0.000542424686379679,0.055501997147019,-0.00701846445900856,0.543941270326704
"DHX34",1.7275,6.52875,4.86750770588399,0.000223816629526837,0.0393547861879665,0.816808877084146,0.734302184213382
"DHX35",1.32125,5.346875,1.6466285286361,0.121074103456545,0.476897148260438,-4.92365737543414,0.532271645501644
"DHX57",1.98625,6.218125,5.42976996332669,7.77416396931214e-05,0.0219429033738746,1.79454407431332,0.503971628507736
"DIAPH1",6.9925,23.85375,1.87552072908838,0.0809493730732072,0.393894749805257,-4.58626191760822,0.738669773360006
"DIRAS3",6.66375,9.445625,2.26291685611436,0.0394235245749171,0.310519180183961,-3.95999471707355,0.524302061695036
"DKC1",9.21499999999999,26.73125,2.50860155776368,0.0245165001966208,0.266524059113723,-3.53523649659382,0.855070084376195
"DNAH10",0.22125,0.304375,1.600197674242,0.131056401381595,0.49111576358826,-4.98858124041713,0.609318073312767
"DNAJA3",7.08374999999999,19.490625,4.57714548455818,0.000392289614477209,0.0511133612071707,0.294958551561181,0.562004760398591
"DNAJB12",2.09874999999999,14.511875,1.68894224074258,0.112556298021291,0.459848209669207,-4.86341011960965,0.682220103852102
"DNAJC13",-6.78125,16.450625,-1.62814293172073,0.12496695395213,0.482360530228855,-4.94965637859641,0.505022880548075
"DNAJC9",10.82,25.0025,1.97503097461894,0.0675690362087517,0.369264578991159,-4.43140928090084,0.622784025608105
"DONSON",5.91,13.79875,3.08930367564012,0.00770920475375834,0.179692930882004,-2.47820175986668,0.672346401196214
"DPH1",2.59,13.96625,1.61794983792754,0.127159289197013,0.485451493812628,-4.96390746446655,0.684176942970465
"DPH2",6.1525,13.615,4.93163916940492,0.000197988377764805,0.0365894643846774,0.930601986044573,0.66677537953295
"DROSHA",4.78,16.45875,2.01981854197226,0.0622293825823135,0.360986622588214,-4.36025609143011,0.829594433942526
"DSCC1",2.00125,5.358125,1.59477736354127,0.132266539346526,0.491682942139766,-4.99607776121001,0.748641293783144
"DTWD1",1.0725,7.1375,1.59523805748305,0.132163314135866,0.491682942139766,-4.99544128176513,0.788094420208974
"EARS2",2.30625,6.979375,1.97996644605882,0.0669608237201533,0.368498170281281,-4.42361140386846,0.859334018112719
"EFTUD2",10.8175,47.09,1.88476564798051,0.0796126948192389,0.391385862071454,-4.57207094416519,0.55236867665099
"EIF2B3",1.755,12.1675,1.73414564371561,0.10403818255032,0.442514532152901,-4.79794614765838,0.894999349800015
"EIF4A1",144.7875,373.88875,4.58043866223163,0.000389780165200341,0.0511133612071707,0.300934907431731,0.557944685100258
"ELAVL1",5.67499999999999,24.54125,2.4749532735033,0.0261821726573191,0.273305665127785,-3.59442469604762,0.573075729223654
"EPS8",4.53375,13.756875,2.94468366211774,0.0103137925033826,0.196110002688466,-2.74633987288163,0.662233915008847
"ESCO2",3.02375,6.078125,1.90525487073932,0.0767206809954507,0.385519730309543,-4.54047443643085,0.554364633397912
"ESD",-25.61375,79.009375,-1.88357943588726,0.0797830881060266,0.391642340399018,-4.57389407932613,0.556771424290555
"ESPL1",2.93625,6.753125,2.16200459123824,0.0477366151057303,0.331062091158304,-4.12886127713258,0.624276275013845
"EWSR1",17.29,84.9525,3.49143382064879,0.0034191665823117,0.124346437695276,-1.72437153176636,0.835515742828036
"EXO1",4.38125,7.336875,2.25071825658296,0.0403511820975837,0.312780556249044,-3.98059734930247,0.681151199474203
"EXOSC5",4.4525,13.63,2.10002775955898,0.053621118482755,0.343885296331861,-4.23071336477726,0.752407168617802
"EXOSC9",8.1925,16.94,3.31445596236559,0.00489140415120515,0.149895466298606,-2.05709994818188,0.517236043158415
"EZH2",13.95625,25.314375,2.89605303644282,0.0113707042510736,0.202101113844731,-2.83593839141413,0.646911730750485
"FAAP24",1.52125,4.090625,1.69620118064414,0.111148690610049,0.456802408493967,-4.85297348202792,0.654434741322955
"FAM122A",-2.065,6.40875,-2.39740988341598,0.030441055760383,0.285996015956302,-3.72966409823933,0.528498061278669
"FAM136A",10.705,31.0475,3.52778374767482,0.00317681312875307,0.118632550473392,-1.65595357958056,0.743645206087248
"FANCC",1.47625,4.671875,2.11680606827268,0.0519651672999628,0.340622926156217,-4.20328656858854,0.700395808361343
"FANCG",6.56,16.16625,2.57973476448288,0.0213227896152972,0.255493897354377,-3.40918047841935,0.64163687065038
"FANCI",9.52125,17.635625,3.04872060282105,0.00836634179133295,0.185462443308239,-2.55367455125318,0.642129650762693
"FARSB",10.11375,36.244375,2.43447498973831,0.0283291313344371,0.280906398938802,-3.66522894929619,0.754553857382402
"FASTKD3",1.335,3.9475,2.24951329495433,0.0404439160248014,0.312962176287767,-3.98262970662025,0.726683764121382
"FBXL6",2.2225,9.815,1.67272523931629,0.115757189234378,0.46649833603666,-4.88661994590606,0.660590464303057
"FBXO28",1.6025,7.91625,2.77552109225598,0.0144681111531774,0.223195878275295,-3.05650654213753,0.576877319186629
"FBXO4",3.495,7.52,2.9619738279302,0.009961754108375,0.193382700670238,-2.71440916589641,0.722667095477683
"FBXO5",10.98375,23.505625,1.64024182012366,0.122407060311036,0.478789139808688,-4.93266227927222,0.717370222914763
"FEM1A",1.485,8.6225,1.80829606333715,0.091288566455278,0.415408851023,-4.68819131520904,0.774962679713627
"FEN1",14.7025,29.29625,2.64142569045535,0.0188802268364333,0.245879439051689,-3.29890520378772,0.755518517860984
"FH",10.96375,32.460625,2.62499956185952,0.0195028785211497,0.249094945625206,-3.32834958256786,0.5095814075143
"FKRP",3.035,7.4325,5.52065045419445,6.57814987405295e-05,0.0210481344152341,1.94815113466694,0.55644864166451
"FOPNL",6.85,22.15875,2.68058486994955,0.0174723022067727,0.23939975730638,-3.2284822251069,0.694387706227217
"GABPB1",2.7425,8.98,3.08112703399115,0.00783736751521897,0.18024132393435,-2.49342083309654,0.783230474453292
"GALNT1",-8.13874999999999,20.721875,-2.10794341256624,0.0528338998916464,0.342896359351973,-4.21778776739962,0.586299878379474
"GAR1",3.9125,12.5675,2.41317835684896,0.0295249356948843,0.283922249176671,-3.70229942984778,0.665224154087206
"GART",10.34875,24.424375,2.53351383512211,0.0233490851565022,0.265155791172733,-3.49122938523966,0.856949002168803
"GATAD2A",4.94625,18.055625,2.82174287247132,0.0131935509899255,0.214495872512156,-2.97219476778466,0.794854730175807
"GEMIN4",4.85625,9.163125,3.44165492566791,0.00378143636710084,0.132211571514601,-1.81803897772259,0.70484073972231
"GEMIN5",3.33125,5.608125,4.38708334029675,0.000569234301665365,0.0566450683377002,-0.0520052097645554,0.525823734005654
"GEMIN6",4.295,9.93375,3.63477939849789,0.00255906859116983,0.106659194622557,-1.45455599190213,0.685912117103474
"GINS4",3.05125,6.308125,1.93515294274518,0.0726703033661184,0.378852004681569,-4.49401461541523,0.571022785385422
"GLI2",-1.0475,1.93875,-1.58545563265131,0.134370078944342,0.495075713685933,-5.00892912809284,0.531787855893094
"GLYCTK",0.742499999999999,1.93375,2.25766491982743,0.039820437761277,0.312049194258664,-3.96887107200467,0.704133461280113
"GMEB2",1.2925,5.95,3.64261518081387,0.00251889409833054,0.106274940610642,-1.4398098936233,0.627155225270932
"GNL3L",1.46875,5.299375,2.03134819475292,0.0609186127971497,0.357707107585234,-4.3417992760033,0.752986893161734
"GNPDA2",1.84625,8.961875,1.77796411157179,0.0963265489345885,0.425504909208374,-4.73343550320277,0.853571187542037
"GNPNAT1",3.0125,10.0075,1.73309166915213,0.104230173386373,0.442605549871186,-4.79948521698215,0.802440614173129
"GPANK1",2.51125,10.244375,2.90087249403927,0.0112613925143428,0.201027696217505,-2.82707328512091,0.632465399108251
"GPN1",9.4975,26.13125,5.75605208779169,4.28979031413131e-05,0.0169306269422561,2.3399974452412,0.595155241367252
"GPR3",2.17125,3.259375,6.10816261592394,2.29547370089411e-05,0.0127042623381659,2.90949925792499,0.584702139073117
"GPR89A",2.01375,12.794375,1.75563532420454,0.100190821969666,0.434624186034162,-4.76643579893895,0.80851992324417
"GPRIN1",1.26625,4.285625,2.01020183085273,0.0633423348076063,0.36391777897255,-4.37560729876191,0.649711456796203
"GRWD1",6.86,11.36375,6.10336706799196,2.31483991584934e-05,0.0127042623381659,2.90187854286832,0.59336918590668
"GSK3A",7.92,53.57,2.28808939616119,0.0375721018347397,0.306655995444827,-3.91732229207105,0.737543515284837
"GSTCD",1.32,4.0025,2.34087714289043,0.0339517963729354,0.296114224046314,-3.82716867790875,0.627668572905802
"GTF3C2",6.4375,17.3675,6.49745038173879,1.17297532964806e-05,0.0120485088842036,3.51553671945725,0.504966543307325
"GTPBP4",6.53875,17.539375,4.52885218935788,0.000431058272622944,0.0530779884235339,0.207174433896827,0.553729098624299
"H2AFZ",96.16375,234.586875,2.401645511133,0.0301923586988487,0.284869971806884,-3.72232060805199,0.66689681001251
"HAS2",2.87125,3.536875,1.70669994628011,0.109140009903136,0.452882823482883,-4.83782707365715,0.514210576615054
"HAUS2",3.65250000000001,10.3625,2.99136870378504,0.00939016786709318,0.189309946479981,-2.66003949394341,0.724919926752618
"HCFC1",6.76875,18.861875,2.79256901363914,0.0139846401034672,0.219867550373599,-3.02545166659898,0.811912571927674
"HGH1",3.125,9.95375,1.84932987723636,0.0848460808059636,0.40265374003941,-4.62623986643575,0.959065965342006
"HGS",8.33375,48.148125,1.66996460948227,0.116309886756079,0.467567752921204,-4.89055623586115,0.609883098802932
"HIST1H3C",0.38,0.4925,1.98439355265811,0.0664194987197727,0.367701044725829,-4.41660756652744,0.545825561597061
"HMCES",5.72499999999999,21.37875,2.42476979184069,0.0288682537007445,0.281253221017009,-3.68213835093609,0.887853616012284
"HMGA1",135.1875,242.04625,1.63580482733696,0.123340539588107,0.480620320610918,-4.93890433298574,0.688337758470482
"HMGCR",3.3925,12.40625,2.05195423257526,0.0586387456094158,0.353981677498091,-4.30867348063035,0.606403520457247
"HMGN2",96.945,241.10125,2.10861088763909,0.0527680088740815,0.342896359351973,-4.21669670769291,0.578175768345462
"HNRNPA2B1",82.9762499999999,331.949375,2.02135542174073,0.0620531827161598,0.360986622588214,-4.3577990972849,0.595831354118712
"HNRNPAB",47.975,102.05625,3.30232508370631,0.0050129303469247,0.151757617411375,-2.0798674749872,0.797286084831947
"HNRNPD",27.68375,100.039375,1.9037360046506,0.076931775901166,0.385851950525067,-4.54282351351712,0.875764982943091
"HNRNPDL",15.99625,59.510625,3.66259778941348,0.00241929632400499,0.105326624336669,-1.40220874045164,0.578933184202183
"HNRNPF",28.7475,86.78875,3.08202379956456,0.00782320922145791,0.18024132393435,-2.49175200427729,0.532502359462315
"HNRNPL",51.65875,149.771875,4.27089521762225,0.000715964381115132,0.0626416951998848,-0.265946028132798,0.691407107239554
"HNRNPU",16.89,65.3525,2.65191440470028,0.0184927231870777,0.244557918197406,-3.28007375237644,0.73205641238286
"HNRNPUL2",5.92,44.8325,1.79238477815927,0.0939014377084621,0.420989630050336,-4.71198430440395,0.612778326797885
"HSPA14",4.55875,11.829375,3.40859566912188,0.0040430390670778,0.135601150460299,-1.880218864273,0.593122149720808
"HSPA9",22.065,103.45375,1.6392599406646,0.122613106393051,0.479103769122878,-4.93404458844477,0.645456700922161
"IER3IP1",-5.65875,25.771875,-1.85824159173204,0.083501743376757,0.4001923083015,-4.61267455971897,0.594977048325969
"IL12A",0.6725,1.2375,1.77899053793654,0.0961521221478715,0.425424645592473,-4.73191223347924,0.702816780649655
"IL36RN",0.35375,0.258125,1.62187619083208,0.126310919912726,0.483882118353041,-4.95842517582202,0.694941920519196
"IL7",0.25,0.9275,1.58211069182299,0.135131836793038,0.496726749778508,-5.01352792916683,0.75871860612763
"ILF2",41.805,109.1675,3.90987270359909,0.001470611882746,0.0920860112537844,-0.93783626391861,0.544005004381544
"ILF3",26.8125,95.83,2.18907323598658,0.0453594231882779,0.325548258134646,-4.08392203479747,0.848486363904418
"IMMT",10.2,43.33625,4.7751332285984,0.000267282978378123,0.0430363285831923,0.651942984320764,0.579616128710216
"IMP4",8.01875,20.916875,3.36757713372227,0.00439293613431272,0.141625836257179,-1.95732782435639,0.702898355380336
"ING3",2.31125,5.369375,2.0039126992489,0.0640799779888733,0.365666397742136,-4.38562517511791,0.544667635754659
"INO80",1.28875,8.878125,1.86037792102164,0.0831823216338214,0.399606107986774,-4.60941687565036,0.705086432677213
"INPP5E",2.51125,10.438125,1.92016534525603,0.0746759366281646,0.382958334884035,-4.51735642648008,0.646766176593413
"INTS5",1.88875,8.361875,3.14361124803577,0.00690903334748148,0.171881185379446,-2.37696728096834,0.821497075171728
"INTS7",2.305,7.3375,2.38365244482696,0.0312622984028169,0.28869829307972,-3.75347990746846,0.920370238468235
"INTS8",1.89,11.13375,1.7479625938451,0.101549878037967,0.438106203226686,-4.77771467230586,0.544907702355004
"INVS",-0.878749999999999,4.314375,-1.86714577873786,0.0821776072705116,0.396830860943596,-4.59908187433774,0.582327669322824
"IPO11",1.87625,6.624375,2.19998764295831,0.0444324467831751,0.324883455689396,-4.06572628063194,0.646257781638065
"JAK1",-9.15624999999999,41.710625,-1.75383307681017,0.100508603183923,0.435689639124949,-4.76908790725873,0.538441421573461
"KANSL2",2.7975,9.09625,1.73371359311982,0.104116846831203,0.442514532152901,-4.79857712324809,0.700603244727921
"KBTBD4",2.395,5.59875,2.17601803433384,0.0464918552350566,0.328398592106907,-4.10562989752659,0.519036658609784
"KIF22",12.7625,32.105,1.82966221139052,0.087881594123409,0.408213272933845,-4.65603875042985,0.728067807873437
"KLHL18",1.64875,5.484375,3.38155855882034,0.00427039553229022,0.139353393667222,-1.93105059364193,0.512034965747021
"KPNA3",1.94375,15.449375,1.8223888391036,0.0890284574023401,0.410696482937795,-4.66700986070046,0.611952185540025
"KRI1",5.53,15.1225,4.10636983546635,0.00099269304248238,0.0746002642838107,-0.570957060932176,0.772395995550066
"LAS1L",6.07125,20.141875,3.30096128707332,0.00502677962031506,0.151757617411375,-2.08242665316384,0.546177289156056
"LCMT2",1.925,4.01875,2.72826460190385,0.0158948218426008,0.229562295367898,-3.14232184310328,0.566866486828022
"LEF1",5.40375,9.193125,3.15173409666306,0.00679664186122057,0.170019310426196,-2.36180408653686,0.789515664325252
"LETM1",2.92875,11.034375,2.1089598146256,0.052733594108845,0.342806217841095,-4.21612627936546,0.812919898197265
"LIG1",6.25125,10.198125,3.99076492557287,0.00125052578952027,0.0832657079926533,-0.78650897582567,0.632963796312966
"LMF2",-13.12,32.695,-2.01992350838038,0.0622173338842822,0.360986622588214,-4.36008831473502,0.517229209538239
"LOC102724843",1.94625,9.461875,1.918546332063,0.074895555956208,0.383041931320976,-4.51987166107973,0.640148464715279
"LRCH3",2.1075,12.5775,2.22546071488972,0.0423372428549582,0.318293817080178,-4.02309361252889,0.625657109792862
"LRP8",4.8625,12.91625,2.34205935140377,0.0338746138483117,0.296114224046314,-3.82513957914745,0.746586303772255
"LRRC49",0.78375,3.284375,1.93979306358864,0.0720593096173129,0.377623309166422,-4.48676707387814,0.556263882601974
"LRWD1",7.47375,13.455625,2.45865368456529,0.0270273591131338,0.275795616498094,-3.62298914834755,0.550525298526876
"LSM5",4.1275,15.48125,2.17153849785806,0.0468864373569353,0.329654587393229,-4.11306394600584,0.691081516991094
"LSM7",31.75625,80.845625,2.55381896702868,0.0224371474024883,0.260428913487645,-3.4552476477973,0.635096981835168
"LSM8",0.62625,2.818125,1.8924433581659,0.0785177140038127,0.388852698474994,-4.56025450051204,0.639410711495041
"LUC7L2",8.32624999999999,36.760625,1.78804467083162,0.0946255596292048,0.422353519758676,-4.71845169241417,0.671405369389274
"LY6G5C",0.79625,1.196875,1.74166953141289,0.102676637095958,0.439824166141177,-4.78694199268576,0.503749980607108
"LYPLA1",6.04499999999999,26.62125,2.6229816327554,0.0195807227718136,0.249385703319491,-3.33196276688081,0.701827984906073
"MAP2K3",4.96625,15.949375,1.76748947864783,0.0981226164037675,0.430498717463332,-4.74894889827369,0.552763307626422
"MARS2",1.36,3.065,4.03615180429552,0.00114201827701692,0.0801670271901298,-0.701774641965327,0.645766065594738
"MAST4",0.8275,2.8525,1.7267078289843,0.105399704503757,0.445378919334469,-4.80879440548392,0.613839752540707
"MBD2",-3.22,14.3875,-1.60122178296013,0.130828827672848,0.490591689463112,-4.98716289314823,0.520016119245072
"MCM10",2.66125,3.873125,3.26008842705784,0.00546001021150552,0.156503269375752,-2.15908163625905,0.717083161313951
"MCM7",53.5525,86.76625,2.76832135639149,0.0146771429166938,0.225269267257832,-3.06960666307539,0.915411166432499
"MCM9",1.0125,2.54375,2.46372321872075,0.026761739377558,0.275074836473867,-3.61411258615611,0.662130609969561
"MECR",1.605,9.73375,1.76448257843668,0.0986436366199549,0.431634429288235,-4.75339161116876,0.545047391371163
"MED10",7.71999999999999,34.93375,1.83662161191844,0.0867965806167902,0.407220197243379,-4.64551641846253,0.843176074327778
"MEMO1",3.58625,17.684375,2.58289782567868,0.0211904787858715,0.25544167433413,-3.40354716511263,0.797459471324192
"MEPCE",10.1325,27.86625,1.88881573599564,0.0790333807947751,0.390090208856564,-4.56584113095639,0.824164396815799
"METAP1",4.03625,16.550625,2.03225906134871,0.0608161433755668,0.35749470064099,-4.34033874968117,0.811186965912469
"METTL1",4.5825,11.46625,1.86997249600985,0.0817611983996129,0.395702547416449,-4.59475867661581,0.783691595105709
"METTL13",2.48,12.8725,1.87347295849689,0.0812481603733878,0.394183078629099,-4.58939967934715,0.922934820291395
"METTL2B",5.81,13.695,3.00423783691806,0.00915019846936723,0.188531563684539,-2.63620419041961,0.745253274867883
"METTL4",0.98125,5.058125,1.63314489061658,0.123903091759337,0.481108571200732,-4.94264092222068,0.65094139069294
"METTL8",0.88375,3.593125,2.70511831665499,0.0166425618544265,0.232572097025862,-3.18420373482494,0.601928779338607
"MFHAS1",1.87375,7.674375,2.75486346256937,0.0150757732118173,0.226586994721346,-3.09406917518153,0.707783419512135
"MFN2",5.37874999999999,33.108125,1.64579468110308,0.121247418937133,0.477263758584649,-4.92483438718423,0.866570132395635
"MLH1",5.175,19.89125,2.00375245630596,0.0640988746097564,0.365666397742136,-4.38588020086581,0.7172971194749
"MPHOSPH6",-7.8525,20.93,-2.10055698092126,0.0535681513224855,0.343667300248507,-4.22984996292636,0.554739442391767
"MRM2",7.07875,17.209375,3.39356500777726,0.00416789556447442,0.137245011942175,-1.90848023886813,0.838440524916217
"MRPL1",2.17125,7.819375,1.69779920875339,0.110840880950556,0.456236180658074,-4.85067196476721,0.579106045909036
"MRPL24",10.89375,49.751875,1.63983414985228,0.122492573043033,0.478789139808688,-4.93323627308919,0.722731480076187
"MRPL32",3.10249999999999,34.46375,1.9710638227187,0.0680615550029909,0.370837267911943,-4.43766941099345,0.706925576001416
"MRPL58",5.3725,27.2925,3.66397495415262,0.00241258031480837,0.105326624336669,-1.39961757006556,0.672150670720264
"MRPS12",7.765,29.2275,1.71056849734252,0.10840789340343,0.451454439510124,-4.83223065187874,0.758690099185906
"MRPS23",5.71,19.1625,5.31456680697421,9.62292184700037e-05,0.0241435023701896,1.598000991919,0.518459065409889
"MRPS25",2.6925,8.5425,2.36515690203663,0.0323994937624306,0.291901759135429,-3.7854098425306,0.512396132654809
"MRPS27",6.1075,24.7675,3.0007809024538,0.00921406005402692,0.188807121760285,-2.64260875307437,0.606706162902664
"MSH2",6.53875,14.396875,4.00812544531745,0.00120783397745891,0.0816234371856656,-0.754082456644117,0.660365628791068
"MSH6",8.5075,22.045,2.95107671771129,0.0101822248461734,0.195373720836527,-2.73453787148929,0.572611181495891
"MTOR",4.43625,12.535625,3.79154325898407,0.00186548540855258,0.0973654358337057,-1.1597863296187,0.509769680423716
"MUL1",2.69875,17.029375,2.05491918365193,0.0583172162649172,0.353238496245457,-4.3038925381101,0.75630689125238
"MUTYH",3.465,9.595,2.81608527234344,0.0133434743440077,0.215386509665173,-2.98253363595397,0.622803831468439
"MYBBP1A",6.425,13.9275,5.11597436903591,0.000139571422781461,0.0300925956904171,1.25451769709308,0.706466962662571
"MYD88",3.99874999999999,22.480625,1.69938828864485,0.110535532625793,0.455808067255403,-4.84838193187656,0.701798089130076
"NAA10",7.2975,52.745,2.19839378954794,0.0445667058084595,0.324883455689396,-4.06838612423489,0.569793869471192
"NAA15",3.73125,11.079375,1.59781902928148,0.13158628448708,0.491401306091691,-4.99187315950897,0.693274278435882
"NAF1",2.30125,5.646875,3.02306247181125,0.00881001688608787,0.186836318295009,-2.60130474670904,0.671271730220843
"NANS",-14.425,44.535,-1.76786729490497,0.0980573223947358,0.430316492825554,-4.74839033601552,0.520208501931772
"NASP",20.1075,56.4575,3.0675644281548,0.00805460833720222,0.182267536073612,-2.51865061262237,0.687931307307585
"NAV2",6.075,14.05,3.65207445860334,0.00247124179362965,0.106274940610642,-1.42200967331921,0.503882428413108
"NCAPH",7.18624999999999,14.310625,2.03761508477708,0.0602167932120752,0.356913095115823,-4.33174358053799,0.665320937188573
"NDOR1",2.66625,10.973125,2.08432535926772,0.0552148325297815,0.347582840440345,-4.25628042718183,0.855020874060022
"NDUFAF4",2.44125,6.191875,4.03968860851825,0.00113397613066048,0.0799618494185733,-0.695177300699766,0.604093518525555
"NEK4",1.97,9.79875,1.84813815262859,0.0850273119608178,0.402911995531756,-4.62805093270261,0.661247150540806
"NEMP1",5.72875,13.803125,2.28802623373912,0.0375766434898177,0.306655995444827,-3.91742962716038,0.619230715014712
"NFYC",3.92,27.125,1.85263055640627,0.0843459318003406,0.402494279851865,-4.62122016339247,0.823350468669138
"NGLY1",2.6875,16.5875,2.71154944903114,0.0164314501617206,0.23096701572206,-3.17257722460862,0.54352282581757
"NHP2",27.3525,77.83,2.62861403040906,0.0193641909448399,0.248248130462377,-3.3218755171073,0.710060099512746
"NIP7",5.9325,14.66,3.03230073008271,0.00864766067294556,0.186328716945989,-2.58416347012141,0.575187454641324
"NME1",43.4712499999999,131.215625,1.64397638399957,0.121626096401087,0.478135496401146,-4.92739960475503,0.689460658133114
"NOB1",6.16875,31.886875,1.61240367851319,0.128365996716543,0.486975090509961,-4.97163604449515,0.560282182041813
"NOC2L",13.36625,39.106875,3.97515940391891,0.00129021077797916,0.0852810489050388,-0.815673296150798,0.802330137940686
"NOL7",9.48750000000002,40.1975,3.85011876756876,0.00165812593622493,0.0927024693875741,-1.049839839026,0.581578865486357
"NOL9",1.6525,6.30125,2.5487887241892,0.022659827709434,0.261729680896402,-3.46417079643954,0.72602632190365
"NOLC1",13.11375,30.921875,1.95020104882988,0.0707056993175996,0.374829973924428,-4.47047476557646,0.708212178684448
"NOP16",8.65625,16.978125,2.43776748748879,0.0281484187804652,0.280693757834138,-3.65948645762456,0.863344623206874
"NOP56",15.63875,35.558125,2.32904302151288,0.0347336065892626,0.297446516317444,-3.84745639487085,0.721168811468634
"NOXO1",0.3675,0.53625,2.33128889872239,0.034583941276653,0.297412042004493,-3.84360955455167,0.774980577941462
"NPM3",7.76250000000001,16.21875,4.22159474631265,0.000789432136635707,0.0661916917898578,-0.357104269316094,0.635665390394624
"NPTXR",-18.84625,33.345625,-1.81862378513004,0.0896273476724621,0.411990074542122,-4.67267858350266,0.500785273575428
"NR2C2AP",4.33875,10.753125,2.86369913500057,0.0121319012024309,0.208063092852328,-2.89536518691671,0.762825283127098
"NRBP1",16.27625,54.683125,5.01943476378105,0.000167529148409407,0.033103393343667,1.08547235184176,0.584982341741929
"NSUN4",1.28375,5.088125,4.66687930170748,0.000329493505057217,0.0462593555821027,0.457347347116777,0.698272578828125
"NUDT15",3.345,11.14625,2.40151662801179,0.0301998976240526,0.284869971806884,-3.72254413483184,0.73418697033601
"NUDT5",2.74250000000001,19.64375,1.92197478500113,0.0744311737504704,0.382309412307082,-4.51454390988662,0.8390533811177
"NUP35",3.64125,8.549375,2.75154030926538,0.0151758155640876,0.226739543138734,-3.10010471753581,0.588034152096937
"NUP62",14.8075,32.3825,5.92794221719719,3.15456521683285e-05,0.0158043969848487,2.62052570370255,0.597489248923941
"NUP85",8.75,22.33875,4.15261802380279,0.000905360717463177,0.071291251973807,-0.48499430084522,0.621775852627647
"NUP88",2.75,18.26875,1.83493564396374,0.0870583313198766,0.407459326161527,-4.64806775373583,0.628505408766588
"NUP98",4.94875,18.804375,2.14096959869957,0.0496632369336039,0.336930167301631,-4.16359505435883,0.689853431334126
"NVL",2.7275,7.45,3.35955336174415,0.00446484123109869,0.143049016618991,-1.97240500710997,0.582746358007709
"ODF2",5.78375,18.846875,2.75056312590839,0.0152053558570411,0.226739543138734,-3.10187910855112,0.84404313361479
"OGG1",3.565,12.3925,2.22699055283126,0.0422143944718427,0.318293817080178,-4.02052592897811,0.710016272027141
"ORAI1",5.345,19.20125,2.38826780119811,0.0309844747086199,0.288232443245302,-3.74549633830955,0.687846786427568
"ORAI2",2.04625,9.683125,1.60995230394885,0.128902482572884,0.487169143770623,-4.97504627070388,0.592808540619864
"ORC5",4.0775,12.67875,1.64154718148551,0.122133595019073,0.478789139808688,-4.93082370396737,0.883069354136433
"PARL",5.65375,31.943125,4.12240043326435,0.000961488533574124,0.0731660083056787,-0.541141949451069,0.510008148946885
"PARP16",1.0725,5.13875,2.98123077644818,0.00958356004542346,0.189781442387226,-2.6788026456575,0.520656660863122
"PCBD2",0.5575,3.2075,1.67273004706525,0.11575622868245,0.46649833603666,-4.88661308694384,0.517805099384318
"PCNA",34.27,86.06375,1.78706697859016,0.0947893627848197,0.422353519758676,-4.71990725081811,0.905785141422911
"PCNT",1.625,6.69125,2.1708142157771,0.046950527587603,0.329654587393229,-4.11426523801066,0.715850527215219
"PDAP1",16.07125,50.223125,3.02075403924596,0.008851052920011,0.187194971757147,-2.6055865184346,0.844077577719901
"PDCD11",3.86875,7.645625,4.25459595636478,0.000739446477698115,0.0637719769409074,-0.296059969487565,0.512259345559678
"PDCD2L",2.0825,6.785,3.82524260473278,0.00174317507531091,0.0938173301395239,-1.09651573817612,0.638117788441238
"PDE12",2.0475,9.28375,1.6002632970594,0.13104180875203,0.49111576358826,-4.98849037425803,0.614947307654248
"PDLIM5",8.05375,20.424375,2.3093685112002,0.0360710665749769,0.303288341104645,-3.88108774046502,0.629333540837796
"PDSS1",1.90375,4.020625,2.63203596650566,0.0192337676202352,0.247908181077058,-3.31574370124806,0.556579219585128
"PFAS",4.76375,7.794375,4.09647755444444,0.00101246227345914,0.0751504271910593,-0.58936518652231,0.837464853948573
"PGAM5",6.9025,19.59375,2.23710943808611,0.041410182712969,0.316326673397862,-4.00352182827776,0.84358391434648
"PGP",2.9625,10.82375,3.5361346140697,0.00312361824467351,0.117899076538398,-1.64023426957103,0.610508992241072
"PHACTR4",2.355,15.34125,1.85702837296423,0.08368363079818,0.400738825326768,-4.61452359985945,0.784200119784581
"PHB",19.88875,78.066875,3.18661225375468,0.00633429651699134,0.164906111224991,-2.29663792796924,0.763382192359641
"PKMYT1",8.795,15.89125,1.91028288271282,0.0760255953062552,0.385014838321815,-4.53269037165673,0.75962802453341
"PKN3",1.29,3.87875,2.3804468799758,0.0314566459182936,0.289629020128099,-3.75902114760965,0.552868459166637
"PLEKHJ1",8.14250000000001,32.78125,2.05431362307907,0.0583827535669428,0.353324735242282,-4.30486929162091,0.86774505780934
"PLEKHM2",-8.4025,42.03125,-2.11394407404488,0.0522442519654129,0.341710237394581,-4.20797276325374,0.532377853893214
"PMM2",4.6225,11.5325,3.49763548780325,0.00337654295110177,0.123291470539121,-1.71269958356725,0.657393004502354
"PNO1",6.9325,13.2575,5.23125474334443,0.000112404554405328,0.0260994728824986,1.45461572243226,0.578211604902224
"POC1A",5.785,13.63625,2.11206357092643,0.0524283803922395,0.342173116138324,-4.21105013348967,0.563897556829683
"POLA2",5.74625,16.113125,1.60375942889151,0.130266380372283,0.489367955539719,-4.98364568040096,0.741421956084375
"POLD3",5.7725,9.92375,5.80798803072365,3.90764177690997e-05,0.01614726620711,2.42526036569274,0.521374346397784
"POLE2",2.03125,4.523125,1.89153393024092,0.078646704408066,0.389161412747624,-4.56165563185418,0.566182631698667
"POLR1A",2.51,5.46875,3.50202527578652,0.00334669493897153,0.122448468767098,-1.70443746569375,0.701507128271898
"POLR1C",5.18375,12.435625,3.03970123421268,0.00851973270996442,0.186328716945989,-2.57042549334621,0.59943414279414
"POLR1E",8.10625,12.054375,6.21200286064785,1.91516078642059e-05,0.0120485088842036,3.0735900542703,0.580982393887042
"POLR3A",2.0775,6.945,2.49784014575828,0.0250378803664846,0.269088828018497,-3.55419793075174,0.557859613698889
"POLR3E",3.35625,10.355625,1.96991410578503,0.068204899752343,0.370837267911943,-4.43948234509623,0.722914056084343
"POLR3K",5.03,11.80125,3.5815322596841,0.00284971254027493,0.113077342170577,-1.55477758243088,0.757401280600859
"POP7",15.7825,37.355,3.92550682127488,0.00142520270630486,0.0906531988354019,-0.90856073580398,0.734121748431195
"PPM1G",23.8975,65.285,4.54165637648009,0.000420410753706881,0.0530779884235339,0.230474841969998,0.753261976576909
"PPP1R10",6.20875,18.913125,2.34253424182615,0.033843656461234,0.296114224046314,-3.82432437323393,0.548031998952222
"PPP4R1",5.43375,28.216875,2.29892032454507,0.0368008939474785,0.30545416603244,-3.89889748265992,0.603675801233879
"PPP5C",12.03375,29.311875,3.64391281227943,0.00251230269015966,0.106274940610642,-1.43736796969714,0.60420936108047
"PPRC1",6.8975,14.73875,2.32087321293571,0.0352832097698024,0.299725240216178,-3.86143664355538,0.678642712284153
"PRCC",4.95,42.68,1.67468062973947,0.115367087827897,0.466380104983523,-4.88382921783814,0.658853242417153
"PRELID1",23.9325,115.42875,1.92381553157137,0.0741829192539833,0.38197479125445,-4.51168117084186,0.593370556904285
"PRIM1",4.92375,11.790625,1.58861322584589,0.13365435632165,0.494082294097136,-5.00458174508278,0.774814006786817
"PRKAR2A",6.13625,19.709375,2.96194974254287,0.00996223619487231,0.193382700670238,-2.71445367184131,0.553879937700491
"PRMT1",26.50875,99.470625,3.35032665867037,0.00454898089017904,0.143770696711918,-1.98973970636505,0.643733971761557
"PRMT3",3.33,8.12375,3.52675209312846,0.00318344760256576,0.118632550473392,-1.65789549810651,0.516714268815229
"PRMT5",6.5775,25.83875,1.91428208474965,0.0754767927224485,0.383654278135353,-4.526490578697,0.766463714105713
"PRPF19",11.7375,43.495,1.7809926203937,0.095812699748535,0.424269879008733,-4.72893945974918,0.882131251151823
"PRPF31",8.19000000000001,35.61,4.76540892998109,0.000272339538594684,0.0430363285831923,0.634523071141451,0.612619595470756
"PRPF8",17.4225,58.40375,3.21568227615637,0.00597289454702611,0.160974840983914,-2.24225675774888,0.638292741930896
"PRR22",0.73875,1.159375,1.78732192511637,0.0947466247096079,0.422353519758676,-4.71952774191512,0.620988036404659
"PRXL2C",-4.48499999999999,15.11375,-1.92102140230571,0.0745600474151745,0.382754257011401,-4.51602599730955,0.566338588276328
"PSMA5",3.34625,18.889375,2.31501174589138,0.0356825629266864,0.302408468490977,-3.87145383842979,0.563808032419823
"PSMA7",26.235,159.43375,2.12821107206021,0.050866647725024,0.33833145392745,-4.18458051949658,0.607937166244169
"PSMC2",8.63374999999998,41.220625,1.6721544313292,0.115871281577611,0.466580999478882,-4.88743419488902,0.677630337923065
"PSMC3",18.52625,88.189375,1.89127321950344,0.0786837179169506,0.389161412747624,-4.56205722926898,0.761861188403879
"PSMC3IP",5.80125,9.565625,3.53978773539941,0.00310063018549802,0.117899076538398,-1.63335770209677,0.674911186134249
"PSMC4",14.54,60.93375,5.55289576669543,6.20123405556388e-05,0.0207982499963551,2.00234338680282,0.541581194608703
"PSMD13",7.97375000000002,53.590625,2.28191767618374,0.0380183204996887,0.307152482906316,-3.92780401365361,0.69354162799017
"PSMD3",19.415,83.3825,2.48495943980131,0.0256758745962427,0.271326312296594,-3.57685433110818,0.675948574534061
"PSMD4",10.725,76.67,2.0857286477393,0.0550706503376357,0.347495937581067,-4.25399956812347,0.542446390311851
"PSMD8",24.50625,138.874375,2.21821532104382,0.0429236079049001,0.319263413056642,-4.03524314706858,0.822224428141258
"PSME3",16.31,54.0975,2.49483112219383,0.0251855502744044,0.269678563421395,-3.55949447047382,0.83259915847534
"PSMG3",8.99499999999999,23.8575,2.78549815272352,0.0141832267370229,0.221060601922738,-3.03833814245355,0.590388539290242
"PTBP1",41.5525,129.99625,1.8798518834749,0.0803206650926341,0.39294639802612,-4.579618703221,0.732196752738012
"PTER",-1.27125,2.733125,-1.73074409077487,0.104658923629354,0.443619375800128,-4.80291111901063,0.581811536100289
"PTPN23",3.44750000000001,22.08875,1.71243292304812,0.108056590023772,0.450772789986228,-4.82953055398255,0.864591887283955
"PUS7",2.765,6.0175,4.08979940250143,0.00102603472192816,0.0753405018366056,-0.601796350998017,0.767687909877434
"PYGO1",0.52125,1.855625,1.63591498425414,0.123317290006387,0.480620320610918,-4.9387494998405,0.805144350358821
"QRICH1",7.21500000000001,34.6875,3.06721352541005,0.00806030718325718,0.182267536073612,-2.51930313999081,0.610377493440024
"RAB7A",-40.0425,202.5175,-1.61644721929033,0.127485254949094,0.486130663776249,-4.96600315010393,0.61625230282791
"RAD18",3.12875,6.141875,2.47287880912651,0.0262883233096425,0.273468020368143,-3.5980640548047,0.624665866861714
"RAD51",3.44375,8.101875,1.75728841178143,0.0999001199387187,0.433948034019779,-4.76400167196913,0.788872732116191
"RAD51D",1.4275,5.065,2.85989030815677,0.0122247273087915,0.20808462057286,-2.90235101012509,0.800176142404884
"RAE1",6.245,26.965,2.39286855183432,0.0307098599283529,0.28698982103323,-3.73753181543642,0.92785372519221
"RAF1",12.74,43.56125,2.85162012451591,0.0124286791927074,0.209781741714002,-2.91751192784081,0.531147533547754
"RANGRF",6.30125,16.450625,2.6585442150107,0.0182517600065062,0.243152887898857,-3.26815867773416,0.666710628815863
"RBBP4",6.66624999999999,29.628125,2.52527829132522,0.0237289929821192,0.266267529057721,-3.50579445302453,0.793085259115842
"RBM15B",4.31375,16.596875,3.12693839426523,0.00714552620103781,0.17491464625562,-2.40807417221386,0.70656479450911
"RBM18",1.4575,11.355,1.77540283195565,0.0967630229523176,0.426912328547972,-4.73723417644967,0.624699693771371
"RBM8A",6.825,23.37125,2.116599073273,0.0519853059270836,0.340631648207457,-4.20362560693307,0.605126185607011
"RBMX",25.7775,102.39375,1.92598508015433,0.0738912804421984,0.381687860049459,-4.50830505980784,0.805455453789598
"RCC1L",3.49625,18.533125,1.62503240941767,0.125632489623087,0.483457957276792,-4.95401167164774,0.83437080125339
"RDH11",-13.74625,52.935625,-1.88881942692074,0.079032854586366,0.390090208856564,-4.56583545002829,0.503225071832185
"RECQL4",5.0225,11.92125,2.49062467690311,0.0253933798602344,0.270370077982778,-3.56689481467993,0.666379904274648
"REXO1",3.435,12.7925,3.25371316969362,0.00553085764731655,0.156956164963867,-2.17103004513034,0.671645371688045
"REXO5",1.505,3.44125,2.05180925480815,0.0586545091124255,0.353981677498091,-4.30890716195495,0.926997752367269
"RFC2",15.36875,37.094375,2.86109237236315,0.0121953566900378,0.20808462057286,-2.90014652244572,0.670814288626298
"RNF121",1.82875,11.908125,1.84267027878709,0.0858632780476634,0.404822237915847,-4.63635147337395,0.746112102369323
"RNF4",6.48999999999999,38.6825,1.68492115374216,0.113342706388271,0.461515529573958,-4.8691788538171,0.579905650787686
"RPA2",9.42,38.47875,1.67045120232087,0.116212301417704,0.467567752921204,-4.88986273192196,0.923690441660711
"RPL6",-205.835,823.525,-1.61425506037544,0.12796209216707,0.48656759421327,-4.96905815186354,0.511149382757034
"RPL7L1",10.70375,36.125625,3.91500406188969,0.00145554819020245,0.091532754419294,-0.928226171386403,0.526368887428811
"RPRD2",2.48375,9.870625,4.47267515041035,0.000481149778561091,0.0530779884235339,0.104730626549321,0.538992894605434
"RPUSD2",1.33375,4.788125,2.51587795392641,0.0241698672091272,0.266524059113723,-3.52239892811276,0.870006502408718
"RRAGC",-6.35,26.22125,-1.69635958504246,0.111118145748152,0.456802408493967,-4.85274540755063,0.615569313969343
"RRM2",55.43375,80.451875,2.44546063635008,0.0277304373131281,0.279015667139332,-3.64605705292857,0.550264796882508
"RRN3",3.695,13.3625,1.84965223548788,0.0847971176220614,0.40265374003941,-4.62574985757544,0.591053493258335
"RRP15",2.21375,5.300625,2.41572198416939,0.0293796293585796,0.283330387280743,-3.69787853865087,0.549092378942393
"RRP36",13.695,33.6725,5.17693176470424,0.000124449347637272,0.0281737766882329,1.36056690713212,0.53624342630973
"RRP9",7.0025,16.85875,1.83392774383488,0.0872151462842056,0.407579663418679,-4.64959230789238,0.856057068431979
"RRS1",6.27,14.07625,1.8025276321683,0.0922282775700661,0.417795481508621,-4.69683214736111,0.835512833800198
"RSPO3",0.763749999999999,1.019375,1.57863904550597,0.135926346566176,0.498126961996494,-5.01829381889594,0.699593714307788
"SAC3D1",2.85375,11.801875,1.83955997265728,0.0863420702457844,0.406356461448028,-4.64106648308502,0.596301987814478
"SAFB",5.27125000000001,34.416875,2.91332616249427,0.0109836720383917,0.198946561582628,-2.80415053317626,0.532655033115128
"SAP30L",1.63625,10.771875,2.40226580241015,0.0301561001753247,0.284869971806884,-3.72124474677786,0.706371772221553
"SCAF4",2.52625,13.374375,1.77335578118274,0.0971131216482082,0.427788926226944,-4.74026772369717,0.806691373052359
"SCLY",2.81125,7.270625,2.6315128451295,0.0192536508090466,0.247908181077058,-3.31668125345933,0.885762566708127
"SEH1L",4.3675,12.98,2.60889612185409,0.0201324904342523,0.252331857615739,-3.35715857456252,0.806740702912155
"SELENOH",4.33625000000001,37.199375,1.58995581329276,0.133351024855106,0.49358684061942,-5.00273145833394,0.621790300303103
"SENP3",11.04125,28.523125,5.75470599738798,4.30019788716129e-05,0.0169306269422561,2.33778181921525,0.538635305271997
"SETD1B",1.26875,5.163125,2.26544836784987,0.0392335338345297,0.30962037916315,-3.95571286091918,0.810586804865121
"SETMAR",2.37125,8.458125,2.26141555961001,0.039536604393738,0.310792298192567,-3.96253302495554,0.880709472959146
"SF1",21.03125,73.900625,3.19640844465473,0.0062101467317938,0.164673451624477,-2.27831872284511,0.603178350645453
"SF3A3",9.45625,37.023125,2.35086515310206,0.0333049027493372,0.293967325605034,-3.81001207527001,0.936162473174224
"SF3B3",7.74124999999999,29.610625,1.94911074795525,0.07084641067819,0.374888377268847,-4.47218379664335,0.583782385621803
"SIN3A",2.99875,10.503125,3.29441523376333,0.00509378710311603,0.152485253263693,-2.09470914838778,0.578976475022133
"SIPA1L3",2.195,6.2825,2.14377434631992,0.0494022467954996,0.336390241667981,-4.1589734120848,0.800951809633422
"SKA1",3.06125,7.006875,1.65403918293285,0.119543186694201,0.473752003111306,-4.91317938389364,0.863668561941136
"SKA3",5.11875,7.803125,3.9167267634323,0.00145052619984762,0.091532754419294,-0.925000174918233,0.571655877180676
"SKP2",3.51875,11.613125,1.69075748704901,0.112202848174308,0.45892181194329,-4.86080297427517,0.844584935690841
"SLC25A12",1.52375,8.595625,2.94198453573828,0.0103698397265698,0.196110002688466,-2.75132106417057,0.73338164709482
"SLC25A15",1.60375,4.529375,3.22446960558195,0.00586773655655086,0.160287446117183,-2.22580723971782,0.732371920839179
"SLC35D1",0.837499999999999,4.97125,1.58878778990812,0.133614883635814,0.494058627506786,-5.00434123062906,0.802675989394861
"SLC39A3",5.93875,27.201875,2.46773546695622,0.0265532824263769,0.274455450291951,-3.60708240212371,0.500103846897015
"SLC5A6",7.23375,10.658125,3.87710760567699,0.00157060082575501,0.0927024693875741,-0.999230561666529,0.568221355737251
"SLC6A15",-2.615,4.5025,-1.82493047830687,0.088626186562298,0.409702002806542,-4.66317908990957,0.526119986722031
"SLFNL1",0.27875,0.480625,2.71459677380714,0.0163323257528866,0.230369744322842,-3.16706534874885,0.54020561148195
"SMARCA4",7.97875,36.696875,2.56497233975899,0.0219508723417746,0.258006488493976,-3.43544112830264,0.699884450779063
"SMARCAD1",1.88125,8.846875,2.28614401501783,0.0377122202001659,0.306756244779536,-3.92062757573122,0.715500443874531
"SMARCC1",6.01874999999999,19.131875,2.75415795785276,0.0150969584479408,0.226618556444872,-3.09535068557298,0.751891417252097
"SMYD2",13.70875,32.169375,1.74692445320558,0.101735002412081,0.438430614152927,-4.77923832409535,0.50275091833153
"SNRNP40",13.85125,33.535625,3.76016464113628,0.00198717601688378,0.0979410526867206,-1.21873636207766,0.820326036423326
"SNRPE",6.51875,26.245625,2.72391898966546,0.0160326763713258,0.22985737231033,-3.15019273103836,0.765787083631706
"SNRPG",33.2175,103.36625,4.08705656031632,0.00103166277154647,0.0753405018366056,-0.606903005823508,0.601944303908249
"SNX12",5.30875,26.200625,3.7838238664313,0.00189470468092062,0.0975567949237227,-1.17428541436507,0.521828874230831
"SOGA1",2.71750000000001,11.3175,3.24926740138445,0.0055808035668205,0.157436033331287,-2.17936086184943,0.652525835900271
"SP1",1.71625,14.579375,2.23684064964693,0.041431358566658,0.316326673397862,-4.00397396859213,0.649451553364507
"SPATA25",0.27875,0.748125,1.89404487546524,0.0782910221420601,0.388806818833207,-4.55778612844087,0.616916529059264
"SPATA5L1",2.0025,4.855,3.64496787321726,0.00250695625299018,0.106274940610642,-1.43538253981089,0.741764183626144
"SPATS2L",5.01625,42.869375,1.88638715162166,0.0793803028657721,0.390773760587659,-4.56957770207518,0.71694836720542
"SPIN4",1.9675,4.52875,2.99281332393357,0.00936292454918536,0.189309946479981,-2.65736482486207,0.535721068258095
"SRP68",6.6225,33.6125,3.22492036025808,0.00586239226737537,0.160287446117183,-2.22496331235035,0.640874327956964
"SRPRB",4.4575,16.715,1.63560202994533,0.123383351643353,0.480620320610918,-4.93918936032607,0.533420880150946
"SRRT",18.30375,47.000625,5.34141627068633,9.15471673232998e-05,0.0241435023701896,1.6439882679499,0.710200123917261
"SRSF3",15.01375,64.094375,1.94319353168094,0.0716145037510901,0.376599964412309,-4.48144952568084,0.879259467757203
"SRSF6",12.21625,39.163125,1.98637905139277,0.066178017343999,0.367701044725829,-4.41346363388466,0.670245814404413
"SRSF7",33.42875,79.260625,3.84509247637714,0.00167496458790491,0.0927024693875741,-1.05926870478646,0.654464973942874
"SSRP1",19.31125,82.566875,2.00883792288896,0.0635016444524285,0.364369462465896,-4.37778129848117,0.795517550259911
"ST7",3.4725,11.56625,2.17069709900626,0.0469608986513462,0.329654587393229,-4.11445946929906,0.638811136235786
"STK24",7.62,39.3275,2.38358623443787,0.0312663010886886,0.28869829307972,-3.75359439151222,0.70128083917689
"STK35",0.601249999999999,5.345625,1.73528055046841,0.103831796378415,0.442168315732221,-4.79628822695662,0.650053634348882
"SUPT16H",8.32124999999999,28.190625,2.07853883838416,0.0558130521005282,0.348676682012037,-4.26567727349566,0.644440003216937
"SUV39H1",3.335,8.2075,1.78825564468645,0.0945902458347588,0.422353519758676,-4.71813753604942,0.909896524392004
"SUV39H2",1.9825,4.7275,3.3681906653679,0.00438748582178614,0.141625836257179,-1.95617486655547,0.554550563152854
"TACO1",3.86625,17.926875,2.5311632126142,0.0234569216494595,0.26519477439679,-3.49538831419269,0.834470262873438
"TAF12",4.87125,26.079375,3.92503736515611,0.00142654528563246,0.0906531988354019,-0.909439623509178,0.755325734024367
"TAF5L",3.2925,9.915,3.22497033715455,0.00586180002360358,0.160287446117183,-2.22486974210015,0.720339074659529
"TAF6",15.20125,46.216875,2.22565700687173,0.0423214616464965,0.318293817080178,-4.0227642014049,0.631067559102106
"TATDN2",3.89,17.4275,1.69490021151833,0.111399831542322,0.457393413979367,-4.85484612204828,0.946680695371755
"TBC1D4",-2.35,6.97125,-2.03511477194533,0.0604959072269476,0.357331492266087,-4.33575750193052,0.53525343601023
"TBX2",5.065,6.665,2.62603324532318,0.0194631184831618,0.248762553880412,-3.32649838701233,0.87290764790433
"TCEAL7",-19.46,31.135,-2.58375464488194,0.0211547741307056,0.25544167433413,-3.40202079971055,0.510703243409162
"TEDC2",2.97375,4.163125,3.897554287347,0.00150742322578519,0.0921865748195591,-0.960911906501953,0.589998886742248
"TELO2",4.34125,8.338125,2.73193592399263,0.0157792545270036,0.229356403481991,-3.13566949367203,0.678419988399054
"TENT4A",4.91875,17.835625,3.5566843556486,0.00299649669002687,0.116458265135358,-1.60155139288758,0.634136711031795
"TFAP4",1.94,4.36875,1.76299924217931,0.0989015593431277,0.431824045627624,-4.75558149449129,0.893881300696901
"TFB2M",2.8775,6.8225,3.25918751704308,0.00546996684417487,0.156503269375752,-2.16077024701023,0.659805700295165
"TGS1",1.41875,6.349375,1.72589667073062,0.105549131128453,0.445594478756972,-4.80997569059681,0.775780064607663
"THRAP3",9.3625,41.6475,2.60066766614918,0.0204617195198041,0.253336444091499,-3.37185706799048,0.663233120810244
"TIMELESS",4.825,11.67875,1.89616092747413,0.0779924014242509,0.388375139454113,-4.55452284908635,0.910536568217749
"TIMM10",9.57250000000002,36.29125,2.88844279856422,0.0115454339294425,0.203800539859779,-2.84993028838602,0.621651811460995
"TIMM44",3.11625,17.806875,1.58505538805159,0.13446103471976,0.495165473731104,-5.0094797592074,0.561986614479496
"TIMM50",8.60625000000001,33.255625,3.47810464120598,0.0035126131208639,0.12672696460551,-1.7494563684519,0.600841038643524
"TIMM8A",2.4925,6.51125,2.32403464883441,0.0350695669944198,0.298899254614075,-3.85602926087934,0.558178906776251
"TIPIN",3.40625,7.483125,2.42029473751349,0.0291201143790587,0.282029086373868,-3.68992635417915,0.893816684143474
"TMA16",3.05125,8.958125,2.09517997041912,0.0541085619451118,0.345421277894931,-4.23861715361798,0.519123235485182
"TMEM131L",1.51625,3.274375,2.72842516261262,0.0158897505188769,0.229562295367898,-3.1420309634848,0.559467862457295
"TMEM138",2.65875,16.756875,1.93011921461658,0.0733384196279146,0.380241872969701,-4.50186575891708,0.712185173504245
"TMEM201",5.03,8.96875,4.47011914482418,0.000483566235430572,0.0530779884235339,0.100061301682656,0.744018334117511
"TMEM209",6.92375,16.345625,2.37958102004809,0.0315093373723039,0.289629020128099,-3.76051737908538,0.802346949607136
"TMEM79",0.822499999999999,3.795,1.84744245957797,0.0851332690813019,0.403203095274963,-4.62910785476905,0.784736273170516
"TMEM97",9.39,15.38625,3.6397400731999,0.00253356057226718,0.106274940610642,-1.44522044329413,0.821243059634695
"TNRC18",4.96375,14.321875,2.80385744891756,0.0136732024364282,0.217797158598198,-3.00486129759703,0.680207207507202
"TOE1",4.60125,8.664375,2.11882681800146,0.0517689460466031,0.339828699474457,-4.19997589347996,0.913611703771308
"TOMM5",25.555,100.0525,2.16757329741411,0.0472383079207766,0.329949259155484,-4.11963823618067,0.637930141412857
"TONSL",4.52,10.67,1.90639286448951,0.0765628624418917,0.385517570017331,-4.53871370401216,0.735131160624596
"TOR3A",4.4575,15.1825,3.21037679507133,0.00603728965508111,0.161270432069578,-2.25218596873954,0.841377524634989
"TP53RK",1.20625,6.949375,2.08433230274193,0.0552141182612682,0.347582840440345,-4.25626914343476,0.59964844242681
"TRA2B",23.71875,76.756875,3.10569538335969,0.00745848427992752,0.177418370857057,-2.4476734084686,0.650943908393282
"TRAIP",3.98375,6.641875,2.60284462118643,0.0203741164742057,0.253336444091499,-3.36796984680362,0.803915168021055
"TRAPPC8",-4.24,10.1425,-2.15297038119681,0.0485554169588853,0.334381535926668,-4.14379933593743,0.555600748859727
"TRIM11",1.81,10.24125,3.11882802012226,0.00726344651529248,0.175631882294342,-2.42319740862286,0.588862299441001
"TRIM25",2.63625,13.555625,2.57404409464554,0.0215628322825788,0.256287682299608,-3.41930954933918,0.773036500439568
"TRIM28",34.91375,108.874375,3.67769657905209,0.00234668272861436,0.104157778172543,-1.37380180761426,0.794656365034182
"TRIM35",2.34875,7.650625,2.33530320112801,0.0343179421520589,0.296249880989485,-3.83672974783674,0.672310262832523
"TRIM65",2.16875,11.834375,1.88105351816017,0.0801470147012597,0.392414864356452,-4.57777401047842,0.70662970752652
"TSEN2",1.85,5.44125,1.81370277874503,0.0904155118702878,0.413451914422526,-4.68007692092113,0.860393885702474
"TSPYL1",3.26875,18.448125,2.09011288101438,0.0546224188042272,0.346751744463907,-4.2468684897678,0.619764295496282
"TSR1",2.6825,15.775,1.58948925387456,0.133456368049661,0.49367407715429,-5.00337456938624,0.828842831070795
"TTC27",1.805,5.75375,3.6877286457197,0.00229965597107117,0.103091755673441,-1.35492980249024,0.746840946431628
"TTC8",-4.4375,13.93625,-1.67526650109786,0.115250428804305,0.466349315929754,-4.88299264419473,0.550661230141318
"TTL",6.56875,22.409375,2.09901563248304,0.0537225518306338,0.344170193209979,-4.23236429743596,0.690191325011448
"TUBGCP4",1.58875,6.831875,1.81009079616482,0.0909979333583222,0.414711517627724,-4.68549943002449,0.811004782124517
"TXLNA",7.06250000000001,26.145,5.00019871453301,0.000173760332504048,0.0334784402338385,1.05163168733253,0.587710029198693
"TXLNG",1.215,5.8975,2.06894043469709,0.0568185117234812,0.350848982551643,-4.28123443000193,0.768930881714459
"TXNRD3",-0.6975,2.09125,-1.70553543392111,0.109361236222302,0.453443532331071,-4.83951009808097,0.613726249418233
"TYMS",52.7,117.99625,1.98100004377072,0.0668340825991278,0.368498170281281,-4.42197698991575,0.66196498227302
"UBAP2L",9.76999999999998,54.6025,1.91628018706019,0.0752039374482599,0.383588709598837,-4.52339020291751,0.850628340512617
"UBE2C",69.94375,142.066875,2.12015472607904,0.0516403749571632,0.339828699474457,-4.19779946318413,0.609284518228955
"UBE2I",25.12625,89.938125,2.40969199948163,0.0297252050249022,0.283922249176671,-3.70835581434944,0.758136639424462
"UBE2J2",6.69749999999999,25.2175,3.57900854394183,0.002864284829948,0.113077342170577,-1.55952817261953,0.529160578788937
"UBIAD1",3.5025,6.88125,3.01711682392103,0.00891609262501117,0.18788403153223,-2.61233178156014,0.536553543377921
"UBR7",4.66125,19.641875,1.59290252812879,0.13268733584481,0.492337705282803,-4.99866666636196,0.843008171309666
"UBTF",10.28375,28.325625,2.58197416500358,0.0212290336957239,0.25546264694402,-3.40519241464183,0.735023117689586
"UNC45A",3.81500000000001,23.26,1.63552655985717,0.123399287219964,0.480620320610918,-4.93929542581688,0.728085791859812
"URB1",2.15625,4.754375,2.5620386337712,0.0220777890076219,0.258369847052991,-3.44065376040298,0.574786682592266
"URB2",2.28625,3.053125,4.80895457785414,0.000250437594436902,0.0423894885312779,0.712435104954118,0.748874198284731
"UTP14A",3.445,10.62875,1.63536853668904,0.123432659704873,0.48064693612448,-4.93951750053054,0.900598645835661
"UTP15",1.645,3.7975,4.03103538471957,0.00115375509986877,0.0806448125362497,-0.711319980082985,0.547707158594804
"UTP25",0.742499999999999,3.3375,1.58036606757719,0.135530608896522,0.497788452185136,-5.01592386283435,0.904066438122188
"UTP4",10.13,33.1525,3.79796201823249,0.00184153677697705,0.0965534185165027,-1.14773180205879,0.54948048236987
"VAC14",-13.0175,40.2425,-1.59837934745477,0.131461299237686,0.491311512689586,-4.99109801148197,0.548404371455154
"VGF",6.20375,7.896875,2.01079049558897,0.0632736892892474,0.36391777897255,-4.37466874988279,0.768512343139327
"VGLL2",0.50875,0.536875,2.40344218209685,0.0300874494793344,0.284869971806884,-3.7192040756635,0.625248679394563
"VKORC1L1",4.44625,12.973125,3.48595603828354,0.00345726384106601,0.125479970792678,-1.73468071189295,0.554238266336904
"VPS37B",3.09375,23.533125,2.0926618813662,0.0543633636065929,0.346139862799824,-4.2427189337133,0.510183855303074
"VRK3",3.5125,13.36125,3.64023844750868,0.00253101211641768,0.106274940610642,-1.44428256476969,0.50991130537539
"WDR12",3.61125,8.925625,3.1017976427883,0.00751736174062091,0.177737517603636,-2.45493488471725,0.698441874354315
"WDR4",1.555,5.305,1.62152228389096,0.126387188571709,0.483928197688388,-4.9589196991854,0.76954018175236
"WDR43",5.57125,13.310625,2.20922063512484,0.0436620887923939,0.321972349397005,-4.05030022931634,0.788740576281314
"WDR6",9.5775,48.66375,1.58020168654318,0.135568233516881,0.49782568475755,-5.01614951679664,0.527329521718994
"WDR70",2.7125,10.285,2.88692398024984,0.0115806190802526,0.204222582436664,-2.85272174240351,0.724114484535802
"WDR74",7.88374999999999,21.304375,2.91541909972619,0.0109376624570444,0.198900190373102,-2.80029609098962,0.603660868673957
"WDR76",4.6125,10.28375,1.86472782481736,0.0825353070774738,0.397745136057028,-4.60277682514889,0.821194253369259
"WDR82",11.76125,33.948125,2.71891873573609,0.0161927331930271,0.22995790048216,-3.15924492209262,0.597255755529812
"WDR92",1.385,7.545,1.77737844550191,0.0964261999756638,0.425737422661932,-4.73430441563487,0.630096395294492
"WNT3",1.07,3.20375,1.90350564211273,0.0769638377622788,0.38590588751734,-4.54317969704168,0.799754012902283
"WRAP53",5.0775,11.24875,4.51474319125516,0.000443112206148915,0.0530779884235339,0.181478265703524,0.753824741644604
"WRN",0.95625,4.391875,1.79158333129762,0.0940347837977061,0.420989630050336,-4.71317930876809,0.554875151947288
"XRCC3",1.825,10.41,1.60169610060148,0.130723541352134,0.490578959268235,-4.98650577239918,0.739886356092121
"XRCC5",19.5625,106.855,2.36728940072371,0.0322664082464992,0.291427503556627,-3.78173359904424,0.610150039545082
"YTHDF2",6.915,36.0275,2.1283022159141,0.0508579559723891,0.33833145392745,-4.18443082607418,0.720537689883735
"ZBTB45",1.07375,8.710625,1.86931067024265,0.0818585232706564,0.395775347272508,-4.5957712245334,0.528323561763269
"ZC3H12C",0.6025,2.7425,2.1900271607313,0.0452776924642974,0.325548258134646,-4.0823334355231,0.808467202764203
"ZC3H8",1.44125,4.519375,2.35834297854702,0.0328282268525513,0.293174786341993,-3.79714726243557,0.731173394871474
"ZDHHC18",2.53875,11.973125,2.95994581564003,0.0100024266443741,0.193954977469229,-2.71815635564876,0.854263872255297
"ZFR",6.43749999999999,27.99125,2.91177919066877,0.0110178014061828,0.198946561582628,-2.80699911783038,0.543579285679702
"ZFX",0.478750000000001,4.110625,1.80480026558745,0.091857032082965,0.416948047131473,-4.69342988090161,0.764528471395854
"ZKSCAN2",0.6225,1.60625,1.62127902457581,0.12643963510913,0.483928197688388,-4.95925956925287,0.559238400073971
"ZMYND19",4.64375,20.698125,1.63168772016183,0.124212207032975,0.481586778869818,-4.944686165742,0.89436093352367
"ZNF212",1.96,7.21875,2.31141754681773,0.0359295442564353,0.302661767454562,-3.8775908861978,0.747317883211736
"ZNF341",0.308750000000001,2.058125,2.17127418254652,0.0469098166496019,0.329654587393229,-4.11350236103729,0.784360852650883
"ZNF574",1.27875,7.825625,1.74125610002994,0.102751044349338,0.439934790593582,-4.78754745174732,0.910579658035715
"ZNF593",8.04249999999999,30.17375,3.23100687566479,0.00579070062239414,0.160287446117183,-2.21356655657074,0.513810957763132
"ZNF628",1.20625,4.041875,3.13809770214414,0.00698636842233016,0.172855353137734,-2.38725656297384,0.50004787346464
"ZNF746",2.19875,11.811875,1.9708843909133,0.0680839082189646,0.370837267911943,-4.43795238727934,0.703068038334464
"ZNF786",0.64625,2.981875,2.03254612932992,0.0607838818987744,0.35749470064099,-4.33987837884566,0.645208371804056
"ZSCAN25",2.035,4.77125,3.84941652854699,0.00166046816701475,0.0927024693875741,-1.05115710957707,0.719139134219894
"ZSCAN5A",-0.968749999999999,2.965625,-1.60787935518771,0.129357650731209,0.487169143770623,-4.97792728501278,0.508088252295976
